timestamp,source,headline,content_header,link,ticker,confidence,label,score,signal
2026-03-01 04:15:00,,"Silver Prices Update: Thursday, February 26, 2026",,,KXFEDEND-29-JAN20,0.4365,neutral,0.9053953886032104,0
2026-03-01 04:15:00,,Iranian state TV says Supreme Leader Ayatollah Ali Khamenei has died,,,KXNEXTIRANLEADER-45JAN01-ALAR,0.5757,negative,0.5609043836593628,-1
2026-03-01 04:15:00,,Seyi Tinubu Clears Name in VDM vs Mitchy Controversy,,,KXTIMEDECADE20S-30-VZEL,0.3048,neutral,0.7958337068557739,0
2026-03-01 04:15:00,,Welltower (WELL) Gets Higher RBC Target as Seniors Housing Growth Outlook Strengthens,,,KXUSTESTSREADING-26-SI,0.255,positive,0.9522735476493835,1
2026-03-01 04:15:00,,Restraining orders don't work: the probation system fails women,,,KXSCOURT-29-KM,0.2581,negative,0.9391738772392273,-1
2026-03-01 04:15:00,,CM Punk Defeats Finn Balor at 2026 WWE Elimination Chamber,,,KXROLEATEVENTCOACHELLA-27DEC31-DAF,0.4157,neutral,0.8317984938621521,0
2026-03-01 04:15:00,,"Delroy Lindo Addresses BAFTAs Slur Incident at NAACP Image Awards 2026, Thanks Peers For Love & Support: Photo 5288525 | Delroy Lindo Photos",,,KXGRAMMYNOMROTY-69-APE,0.3533,neutral,0.888197124004364,0
2026-03-01 04:15:00,,What to know about Iran's Supreme Leader Ayatollah Ali Khamenei,,,KXNEXTIRANLEADER-45JAN01-MKHA,0.6667,neutral,0.9212092757225037,0
2026-03-01 04:15:00,,Who you trust to curate books,,,KXCABOUT-29JAN-BROL,0.2508,neutral,0.9377792477607727,0
2026-03-01 04:15:00,,Thousands of travellers stranded by flight disruptions,,,KXAGENCYELIM-29-NASA,0.2077,negative,0.9493529796600342,-1
2026-03-01 04:15:00,,Iran's Supreme Leader Ayatollah Ali Khamenei is dead at 86,,,KXNEXTIRANLEADER-45JAN01-ALAR,0.5496,neutral,0.4904588460922241,0
2026-03-01 04:15:00,,Guest Commentary: Why we walk: Supporting others  in their journey to mental wellness,,,KXOAIANTH-40-ANTH,0.2092,neutral,0.7749699950218201,0
2026-03-01 04:15:00,,Dybantsa's late flurry can't rally No. 19 BYU in loss to West Virginia,,,GOVPARTYUT-28-D,0.3342,negative,0.8087359666824341,-1
2026-03-01 04:15:00,,Manhattan Borough President Names New Borough Historian: See Who,,,KXNEXTDHSSEC-29-NNP,0.3884,neutral,0.9434120059013367,0
2026-03-01 04:15:00,,Marsh & McLennan (MRSH) Downgraded by Mizuho Following Insurance Sector Selloff,,,KXJPMCEONEW-30-ML,0.2953,negative,0.9263332486152649,-1
2026-03-01 04:15:00,,"Daily Horoscope for March 01, 2026",,,KXTRUMPBULLCASECOMBO-27DEC-26,0.4246,neutral,0.93011474609375,0
2026-03-01 04:15:00,,MOVIE MIKE: Is Hollywood Ending? $200 million Film Made by AI in 1 Day + Mo | 106.3 The Bear,,,KXSHOWENDFAMILYGUY-30,0.4404,neutral,0.9091252684593201,0
2026-03-01 04:15:00,,The Iconic Honda S2000 Nearly Had An Inline-5 Engine And An Automatic Gearbox,,,KXELECTRICM3-28-EM3,0.2716,neutral,0.8979006409645081,0
2026-03-01 04:15:00,,"Man caught with stolen SUV, gun and drugs in Colorado Springs",,,KXTRUMPPARDONS-29JAN21-EADA,0.2375,negative,0.7563022971153259,-1
2026-03-01 04:15:00,,Oburu-Wanga team; Ruto's negotiators or grassroots mobilizers,,,KXOAIANTH-40-OAI,0.363,neutral,0.9357444047927856,0
2026-03-01 04:15:00,,Police Search For Missing Baby Navanah,,,KXTRUMPPARDONS-29JAN21-SSAM,0.2028,negative,0.6747607588768005,-1
2026-03-01 04:15:00,,"Lost In Time Day 1 | Joby Jay, Iotosh kick off LIT",,,KXSNL-28-SH,0.2883,neutral,0.8172779679298401,0
2026-03-01 04:15:00,,Dangerous Driving In Katherine,,,SENATEAL-28-2-R,0.3421,negative,0.7313634157180786,-1
2026-03-01 04:15:00,,EV drivers get '&#xA3;2.15 back every time' after new announcement this week,,,EVSHARE-30JAN-10,0.3559,neutral,0.6993169784545898,0
2026-03-01 04:15:00,,GACC rolls past Wallace in district final,,,KXGA1ROUND-26NOV03-COL,0.3079,positive,0.5298922061920166,1
2026-03-01 04:15:00,,Ayatollah Ali Khamenei: The cleric who reshaped Islamic Iran,,,KXNEXTIRANLEADER-45JAN01-ALAR,0.6286,neutral,0.8609635233879089,0
2026-03-01 04:15:00,,Thousands of travellers stranded by flight disruptions,,,KXAGENCYELIM-29-NASA,0.2077,negative,0.9493529796600342,-1
2026-03-01 04:15:00,,Latest data under spotlight as pressure builds on rates,,,KXFEDDECISION-28JAN-C26,0.3279,negative,0.6659493446350098,-1
2026-03-01 04:15:00,,"'A testament to community': Easton neighbors, businesses unite one week after hotel fire",,,KXNYCGROCERY-28-JAN01,0.2907,neutral,0.8002817630767822,0
2026-03-01 04:15:00,,The US and Israel have struck Iran: Who has been killed?,,,KXNEXTIRANLEADER-45JAN01-MQOM,0.4324,negative,0.5663015842437744,-1
2026-03-01 04:15:00,,Snow Moves Out but Colder Temperatures Stay for Sunday,,,KXROLEATEVENTCOACHELLA-27DEC31-WEE,0.2317,neutral,0.7253096699714661,0
2026-03-01 04:15:00,,US-Israel Attacks Iran &#x2013; Khamenei Confirmed Dead | Major Events & Timeline,,,KXABRAHAMQ-29-JAN20,0.5073,neutral,0.786103367805481,0
2026-03-01 04:15:00,,"Iran attacks Gulf: Deaths, fires at hotels, airports",,,KXPUTINDJTLOCATION-29-UAE,0.3748,negative,0.9189074635505676,-1
2026-03-01 04:15:00,,What's God Got To Do With It? How God Helped Me Heal My Fears About Being A | B95,,,KXGTA6SONGS-30-GOD,0.1924,neutral,0.8751086592674255,0
2026-03-01 04:15:00,,Global deals for pulses could marginalise Indian varieties,,,INDIACLIMATE-30,0.3074,negative,0.9417172074317932,-1
2026-03-01 04:15:00,,Civil Defence teams tackle fire at Jebel Ali Port,,,KXNEXTDEF-29-MWAL,0.2341,negative,0.6101781129837036,-1
2026-03-01 04:15:00,,Samsung Electronics to shift to AI-driven autonomous factories by 2030,,,KXUSTAKEOVER-30,0.5743,neutral,0.7895137667655945,0
2026-03-01 04:15:00,,"Utah widow heads to Washington, DC, to advocate for better funding to fight cancer",,,GOVPARTYUT-28-R,0.333,neutral,0.5727496147155762,0
2026-03-01 04:15:00,,,,,KXROLEATEVENTCOACHELLA-27DEC31-DOJ,0.1997,neutral,0.4241848289966583,0
2026-03-01 04:15:00,,New Utah law could address remaining issue in proposed hotel next to Sugar House Park,,,SENATEUT-28-D,0.3467,neutral,0.9301282167434692,0
2026-03-01 04:15:00,,Retired Vice Admiral gives military perspective on US-Israel attacks on Iran,,,KXABRAHAMSY-29-JAN20,0.4462,neutral,0.916231095790863,0
2026-03-01 04:15:00,,"Virgo &#x264D; Weekly Horoscope (2nd March - 8th March, 2026): Step-by-Step Success & Calm Progress",,,KXGRAMMYNOMNAOTY-69-GIR,0.3147,neutral,0.6064466834068298,0
2026-03-01 04:15:00,,Nicholas Braimbridge and Tony Cooper: The Bridgerton Season 4 Tribute That Moved Fans to Tears,,,KXTAYLORSWIFTWEDDINGATTEND-28DEC31-PHO,0.3866,neutral,0.8417589664459229,0
2026-03-01 04:15:00,,"Haley backs US-Israel strikes, Mamdani warns of war",,,KXABRAHAMSY-29-JAN20,0.4772,negative,0.6760313510894775,-1
2026-03-01 04:15:00,,Samsung Electronics to shift to AI-driven autonomous factories by 2030,,,KXUSTAKEOVER-30,0.5743,neutral,0.7895137667655945,0
2026-03-01 04:15:00,,Wichita tour spotlights Black-owned businesses across the city,,,KXROLEATEVENTCOACHELLA-27DEC31-BLA,0.2908,neutral,0.8639838695526123,0
2026-03-01 04:15:00,,No-one will mourn Iran's 'oppressive' leader: PM,,,KXNEXTIRANLEADER-45JAN01-MQOM,0.6038,neutral,0.8486123085021973,0
2026-03-01 04:15:00,,Heber City farmers hold 'tractorade' in opposition of highway proposal,,,KXGA1ROUND-26NOV03-COM,0.2782,neutral,0.5905541777610779,0
2026-03-01 04:15:00,,Spydaman: Africa's Most Underrated Dancehall Star?,,,KXGRAMMYNOMNAOTY-69-MAR,0.4353,neutral,0.8646251559257507,0
2026-03-01 04:15:00,,Iran state TV confirms Supreme Leader Khamenei dead; daughter and grandchild also killed in strikes,,,KXNEXTIRANLEADER-45JAN01-MKHA,0.5319,negative,0.8173855543136597,-1
2026-03-01 04:15:00,,'No one fights alone': Hutchinson volunteers provide supplies for Kansas ranchers affected by wildfires,,,SENATEKS-28-D,0.3054,neutral,0.7883922457695007,0
2026-03-01 04:15:00,,U.S. and Israel strike Iran in 'Operation Epic Fury.' Trump calls for regime overthrow,,,KXABRAHAMSY-29-JAN20,0.4672,neutral,0.7433069348335266,0
2026-03-01 04:15:00,,Film Set Safety: Tragedies Highlight Risks in Nollywood,,,KXROLEATEVENTCOACHELLA-27DEC31-STR,0.2649,neutral,0.7196717858314514,0
2026-03-01 04:15:00,,American Tower (AMT) Gets Lower Scotiabank Target Despite Strong Long-Term Outlook,,,KXSPACEXBANKPUBLIC-28JAN01-BOAX,0.3532,negative,0.8475149273872375,-1
2026-03-01 04:15:00,,Utah leaders react to US-Israeli strikes on Iran,,,KXABRAHAMSA-29-JAN20,0.4224,negative,0.6632198095321655,-1
2026-03-01 04:15:00,,'I felt very conflicted': Nashville Iranian-American restaurant owner reacts to U.S. strikes on Iran,,,KXWITHDRAW-29-IAEA,0.371,negative,0.8980404138565063,-1
2026-03-01 04:15:00,,8 Of The Worst Chicken Sandwiches You Should Skip,,,KXROLEATEVENTCOACHELLA-27DEC31-OFF,0.2325,neutral,0.7239954471588135,0
2026-03-01 04:15:00,,"81,000 baby monitor displays recalled due to overheating, sparking while charging",,,KXTARIFFREVENUE-26DEC31-T80,0.1919,negative,0.9710723161697388,-1
2026-03-01 04:15:00,,Johnson Controls (JCI) Expands Data Center Cooling Capabilities with Alloy Enterprises Acquisition,,,KXROLEATEVENTCOACHELLA-27DEC31-ICE,0.2602,positive,0.9421305656433105,1
2026-03-01 04:15:00,,"B.C. teen who died in Australia eulogized as 'curious, bold and alive to world'",,,KXLIPATURNERLOCATION-30-MAL,0.2081,positive,0.6858603954315186,1
2026-03-01 04:15:00,,Iranian dictator Ali Khamenei dies to air strike,,,KXNEXTIRANLEADER-45JAN01-ALAR,0.4727,negative,0.6985862851142883,-1
2026-03-01 04:15:00,,Why Houston Livestock Show and Rodeo banned this trail riding group from the downtown parade,,,KXROLEATEVENTROLLING-27DEC31-ASA,0.2447,negative,0.5495667457580566,-1
2026-03-01 04:15:00,,Latest data under spotlight as pressure builds on rates,,,KXFEDDECISION-28JAN-C26,0.3279,negative,0.6659493446350098,-1
2026-03-01 04:15:00,,Iran's supreme leader Ayatollah Ali Khamenei killed in attack by US and Israel,,,KXNEXTIRANLEADER-45JAN01-ALAR,0.5376,negative,0.5454071164131165,-1
2026-03-01 04:15:00,,Viola Davis receives prestigious Chairman's prize at NAACP Image Awards,,,KXGRAMMYNOMNAOTY-69-ELL,0.4106,neutral,0.6972219944000244,0
2026-03-01 04:15:00,,"US-Israel airstrikes kill Iran's Supreme Leader Khamenei, Iranian state media confirms",,,KXNEXTIRANLEADER-45JAN01-MKHA,0.5163,negative,0.8496254086494446,-1
2026-03-01 04:15:00,,Iran's supreme leader killed in major attack by US and Israel | News,,,KXNEXTIRANLEADER-45JAN01-MQOM,0.5664,negative,0.5345993638038635,-1
2026-03-01 04:15:00,,Morgan Stanley Boosts Applied Materials (AMAT) Target on Strong DRAM Spending Outlook,,,KXWITHDRAW-29-IMF,0.264,positive,0.9482055902481079,1
2026-03-01 04:15:00,,Iranian state media confirms Ayatollah Ali Khamenei's death,,,KXNEXTIRANLEADER-45JAN01-ALAR,0.4903,neutral,0.9149455428123474,0
2026-03-01 04:15:00,,'Unofficial' talks on plastic pollution treaty to begin in Japan,,,KXFTAPRC-29,0.3395,neutral,0.8966372609138489,0
2026-03-01 04:15:00,,"Passengers stranded at airports in Mumbai, Bengaluru as Iran conflict escalates",,,KXPUTINDJTLOCATION-29-UAE,0.2755,negative,0.945473849773407,-1
2026-03-01 04:15:00,,Cody Rhodes Discusses WWE Contract Details and Retirement Plans Amid Rumors,,,KXVENUEPERFORMANCESPHERE-28JAN01-DRA,0.354,neutral,0.9003292322158813,0
2026-03-01 04:15:00,,Iran vows revenge for killing of supreme leader,,,KXNEXTIRANLEADER-45JAN01-ABO,0.5822,negative,0.5061087012290955,-1
2026-03-01 04:15:00,,5 essential property documents every homebuyer must verify,,,KXTRUMPAGCOUNT-29-5,0.2215,neutral,0.9393713474273682,0
2026-03-01 04:15:00,,Cardiologist with 20 years of experience reveals 'fastest natural way to lower blood pressure takes less than 2 minutes',,,KXFEDDECISION-27JUN-C26,0.2237,neutral,0.8267430067062378,0
2026-03-01 04:15:00,,What's God Got To Do With It? How God Helped Me Heal My Fears About Being A | 106.3 The Bear,,,KXNEWPOPE-35-RLEO,0.1815,neutral,0.8906728625297546,0
2026-03-01 04:15:00,,Gujarat&#x2013;West Asia flights cancelled; Umrah pilgrims stranded,,,KXRECOGSOMALI-29,0.2752,negative,0.8939065933227539,-1
2026-03-01 04:15:00,,Pelicans Lose Key Medical Staff Behind Zion Williamson's Recovery,,,KXNEXTTEAMNFL-27JALLEN-SF,0.2521,negative,0.9488652348518372,-1
2026-03-01 04:15:00,,The hegemony of the US and Israel must end,,,KXABRAHAMSA-29-JAN20,0.6208,neutral,0.8625337481498718,0
2026-03-01 04:15:00,,"Trump cheers death of Iran's Supreme leader Khamenei, says strikes will continue | World News",,,KXNEXTIRANLEADER-45JAN01-MKHA,0.577,neutral,0.5795034766197205,0
2026-03-01 04:15:00,,Remote Stores Show Resilience Amid Severe Weather,,,KXNYCGROCERY-28-JAN01,0.2174,positive,0.9367152452468872,1
2026-03-01 04:15:00,,Iran's supreme leader Ayatollah Ali Khamenei killed in attack by US and Israel,,,KXNEXTIRANLEADER-45JAN01-ALAR,0.5376,negative,0.5454071164131165,-1
2026-03-01 04:15:00,,Khamenei erased from pages of history: Reza Pahlavi,,,KXNEXTIRANLEADER-45JAN01-MKHA,0.4396,neutral,0.8828201293945312,0
2026-03-01 04:15:00,,Fears of Mideast war as US-Iran conflict flares,,,KXABRAHAMSY-29-JAN20,0.4538,negative,0.8563641309738159,-1
2026-03-01 04:15:00,,"Manila Bulletin - Lowry, Smotherman share lead tied at Cognizant Classic",,,KXPHILIPPINESPRES-28-SDUT,0.3431,neutral,0.8408328294754028,0
2026-03-01 04:15:00,,FIS Gets Lower Baird Target Following Updated Financial Outlook,,,KXUSTESTSREADING-26-SD,0.2566,negative,0.8583214282989502,-1
2026-03-01 04:15:00,,Lagos woman arrested for stabbing 16-year-old boy,,,KXAFRICALEADEROUT-35-BT,0.2994,negative,0.8824272751808167,-1
2026-03-01 04:15:00,,Trump was once wary of ordering regime change in Iran. Here's what made him change his mind,,,KXNEXTIRANLEADER-45JAN01-ABO,0.4671,neutral,0.9052148461341858,0
2026-03-01 04:15:00,,No. 22 NC State gymnastics takes first place in first home-quad meet of season,,,KXFIRSTPRIMARYD-28-NC,0.3679,neutral,0.8241009712219238,0
2026-03-01 04:15:00,,Iranian Australians living in Melbourne celebrate US-Israeli airstrikes,,,KXAUSTRALIAHOUSE-28-ON,0.3163,negative,0.8515143990516663,-1
2026-03-01 04:15:00,,Just Like That: India's colonial hangover in choosing dog breeds,,,KXMOONMAN-31-I,0.3579,neutral,0.7646820545196533,0
2026-03-01 04:15:00,,3 notes as Dallas prepares to face Oklahoma City,,,KXNEXTTEAMNFL-27JALLEN-DAL,0.4188,neutral,0.7853055000305176,0
2026-03-01 04:15:00,,Handful protest Trump's Iran strike outside South Carolina State House,,,KXINSURRECTION-29,0.2767,negative,0.787763774394989,-1
2026-03-01 04:15:00,,Iran's supreme leader Ayatollah Ali Khamenei killed in attack by US and Israel,,,KXNEXTIRANLEADER-45JAN01-ALAR,0.5376,negative,0.5454071164131165,-1
2026-03-01 04:15:00,,First Nations' Mardi Gras float issues climate call,,,USCLIMATE-2030,0.424,neutral,0.8657424449920654,0
2026-03-01 04:15:00,,"Mom kills her 2 children in 'violent' murder-suicide at Florida home, deputies say",,,KXSCOURT-29-BL,0.2084,negative,0.8297733664512634,-1
2026-03-01 04:15:00,,No-one will mourn Iran's 'oppressive' leader: PM,,,KXNEXTIRANLEADER-45JAN01-MQOM,0.6038,neutral,0.8486123085021973,0
2026-03-01 04:15:00,,Two cats die in apartment building fire in Woodbridge | Headlines,,,KXROLEATEVENTCOACHELLA-27DEC31-DOJ,0.1891,negative,0.7697740197181702,-1
2026-03-01 04:15:00,,Vietnam International Furniture and Home Accessories Fair attracts 650 exhibitors,,,KXFYREFESTPRICE-30-100,0.2611,neutral,0.8656036257743835,0
2026-03-01 04:15:00,,BRIT Awards 2026: Dolly Parton Honors Ozzy Osbourne,,,KXGRAMMYNOMNAOTY-69-OCT,0.524,neutral,0.8910430669784546,0
2026-03-01 04:15:00,,Hunger by Design Trump: GOP Policy Cost a Senior 28 Pounds as she starved from SNAP loss,,,KXGOVTCUTS-28-750,0.3712,negative,0.6078822016716003,-1
2026-03-01 04:15:00,,"""Mission Accomplished,"" says Trump &#x2014; Will Operation Epstein Distraction Work?",,,KXH1B-29,0.4564,neutral,0.8084881901741028,0
2026-03-01 04:15:00,,What to know about the new U.S.-Israel attacks on Iran,,,KXABRAHAMSY-29-JAN20,0.4938,neutral,0.8630352020263672,0
2026-03-01 04:15:00,,Bottega Veneta Fall 2026 Review: Emotional Support Outfits,,,KXROLEATEVENTCOACHELLA-27DEC31-DOE,0.3224,neutral,0.8049166798591614,0
2026-03-01 04:15:00,,"After Khamenei's death, who will be Iran's next supreme leader? List of top names in the running",,,KXNEXTIRANLEADER-45JAN01-MQOM,0.8299,neutral,0.9198077321052551,0
2026-03-01 04:15:00,,10 Best Oil & Gas Drilling Stocks to Buy,,,KXPRIMEENGCONSUMPTION-30-OIL,0.2749,neutral,0.7390704154968262,0
2026-03-01 04:15:00,,Nebraska State Patrol investigates attempted murder/suicide in Kearney County,,,KXTRUMPPARDONS-29JAN21-LHOU,0.2161,negative,0.6377903819084167,-1
2026-03-01 04:15:00,,Shane van Gisbergen Says If He Raced Like 17-Year-old Brent Crews He'd be 'Worn Out in Two Laps',,,KXSCOTTIESLAM-28,0.3776,neutral,0.7442231774330139,0
2026-03-01 04:15:00,,Iranian state TV says Supreme Leader Ayatollah Ali Khamenei has died,,,KXNEXTIRANLEADER-45JAN01-ALAR,0.5757,negative,0.5609043836593628,-1
2026-03-01 04:15:00,,EV rule change announced this week 'cuts costs every time',,,KXFEDDECISION-28JAN-C25,0.4192,neutral,0.4571399688720703,0
2026-03-01 04:15:00,,March Into Spring (Partner Promotion),,,KXIPORAMP-27FEB01,0.3218,neutral,0.9215534329414368,0
2026-03-01 04:15:00,,The Latest: Iran's Supreme Leader Ayatollah Ali Khamenei killed in US-Israeli attack &#x2013; The Press Democrat,,,KXNEXTIRANLEADER-45JAN01-ALAR,0.5525,neutral,0.724109947681427,0
2026-03-01 04:15:00,,What to know about Iran's Supreme Leader Ayatollah Ali Khamenei,,,KXNEXTIRANLEADER-45JAN01-MKHA,0.6667,neutral,0.9212092757225037,0
2026-03-01 04:15:00,,Manila Bulletin - The home you suddenly don't know,,,KXPHILIPPINESHOUSE-28-PFP,0.4492,neutral,0.8842878341674805,0
2026-03-01 04:15:00,,"Duped, then locked out: Lawyer sues UDA over CS promise and locked portal",,,KXOAIDAMAGE-28,0.3434,negative,0.9030556678771973,-1
2026-03-01 04:15:00,,"B.C. teen who died in Australia eulogized as 'curious, bold and alive to world'",,,KXLIPATURNERLOCATION-30-MAL,0.2081,positive,0.6858603954315186,1
2026-03-01 04:15:00,,Earth's first mass extinction may have been worse than we thought - Earth.com | science,,,KXCO2LEVEL-30-440,0.3688,neutral,0.6152065992355347,0
2026-03-01 04:15:00,,"Olivia Dean wins 4 Brit Awards, taking artist of the year and song of the year",,,KXGRAMMYNOMAOTY-69-ART,0.6828,positive,0.6017065644264221,1
2026-03-01 04:15:00,,March Into Spring (Partner Promotion),,,KXIPORAMP-27FEB01,0.3218,neutral,0.9215534329414368,0
2026-03-01 04:15:00,,"Columbia Urban League recognizes 1,800-plus students at Brookland Baptist Church event",,,KXFYREFESTPRICE-30-1250,0.2786,neutral,0.8926634192466736,0
2026-03-01 04:15:00,,Iran live updates: Iranian state TV reports Iranian Supreme Leader Ali Khamenei is dead,,,KXNEXTIRANLEADER-45JAN01-ALAR,0.5756,negative,0.6464774012565613,-1
2026-03-01 04:15:00,,"Delroy Lindo Addresses BAFTAs Slur Incident at NAACP Image Awards 2026, Thanks Peers For Love & Support: Photo 5288519 | Delroy Lindo Photos",,,KXGRAMMYNOMROTY-69-APE,0.3576,neutral,0.8866305947303772,0
2026-03-01 04:15:00,,Edo PDP hails court judgment on PDP national convention,,,KXYPFARGENTINA-28,0.4,negative,0.6571528911590576,-1
2026-03-01 04:15:00,,Why are scientists studying gypsum in the Salar de Pajonales?,,,KXGREENLAND-29,0.1825,neutral,0.909511387348175,0
2026-03-01 04:15:00,,Actor Shia LaBeouf arrested again on battery charge in New Orleans,,,KXTRUMPPARDONS-29JAN21-STEL,0.319,negative,0.9086014032363892,-1
2026-03-01 04:15:00,,How US strikes on Iran could drive up gas prices,,,KXWITHDRAW-29-IAEA,0.3469,negative,0.47742486000061035,-1
2026-03-01 04:15:00,,"Excise policy case: Meet Dinesh Arora, approver whose 7 statements helped build CBI's 'corruption' case | Delhi News",,,KXCABOUT-29JAN-TGAB,0.3014,neutral,0.8610919713973999,0
2026-03-01 04:15:00,,[Guest essay] Korea is a 'content' powerhouse &#x2014; is AI about to change that?,,,KXUSTAKEOVER-30,0.3716,neutral,0.9209432005882263,0
2026-03-01 04:15:00,,First Nations' Mardi Gras float issues climate call,,,USCLIMATE-2030,0.424,neutral,0.8657424449920654,0
2026-03-01 04:15:00,,Iranian officials claim school hit during US-Israeli army strikes,,,KXDOED-29-JAN20,0.2619,negative,0.9181304574012756,-1
2026-03-01 04:15:00,,10 Fastest Growing Mid Cap Stocks to Buy Now,,,EVSHARE-30JAN-10,0.3479,neutral,0.5689704418182373,0
2026-03-01 04:15:00,,Pirate Simulator - Corsair Skull & Sails - Game,,,KXJOHNNYDEPP-35-JOH,0.3206,neutral,0.9401677250862122,0
2026-03-01 04:15:00,,Senate Vows to Deliver State Police in Nigeria By Year End,,,KXAFRICALEADEROUT-35-BT,0.4556,neutral,0.7047463059425354,0
2026-03-01 04:15:00,,Kyler Murray's Next-Team Odds Take Shift Towards AFC East Bottom Feeder,,,KXNEXTTEAMNFL-27JALLEN-DEN,0.3841,neutral,0.47988244891166687,0
2026-03-01 04:15:00,,"Fatality After Crash, Middlemarch",,,KXRIPPLINGDEEL-28,0.1701,negative,0.5543479919433594,-1
2026-03-01 04:15:00,,MOVIE MIKE: Is Hollywood Ending? $200 million Film Made by AI in 1 Day + Mo | B95,,,KXROLEATEVENTCOACHELLA-27DEC31-KOD,0.4361,neutral,0.9101431965827942,0
2026-03-01 04:15:00,,Iran leader Khamenei killed in massive US and Israeli attack,,,KXNEXTIRANLEADER-45JAN01-MKHA,0.42,negative,0.6266224980354309,-1
2026-03-01 04:15:00,,First Alert Forecast: A brief cooldown on the way,,,KXIPORAMP-27MAR01,0.3564,neutral,0.8176401257514954,0
2026-03-01 04:15:00,,Sindhu recounts tense moments after explosion scare near Dubai International Airport,,,KXPUTINDJTLOCATION-29-UAE,0.3836,negative,0.7225552797317505,-1
2026-03-01 04:15:00,,Blue Jackets' Zach Werenski honored by Columbus fans for Olympic gold,,,KXRYDERCUPCAPTAIN-2027USA-ZJOH,0.3176,positive,0.5608339905738831,1
2026-03-01 04:15:00,,Bishop Advises on Retirement for Journalists in Nigeria,,,KXAFRICALEADEROUT-35-BT,0.3738,neutral,0.8913344740867615,0
2026-03-01 04:15:00,,Ogun Community Fights Landlord Over Building on Waterway,,,KXOAIDAMAGE-28,0.2759,negative,0.8000885844230652,-1
2026-03-01 04:15:00,,'My son reads these stories': Shoaib Malik's emotional statement shuts down marriage rumours,,,KXLIPATURNERLOCATION-30-MAL,0.3049,negative,0.538108766078949,-1
2026-03-01 04:15:00,,"Evgeni Malkin, Pittsburgh Penguins to discuss contract extension in offseason",,,KXNEXTTEAMNFL-27JALLEN-PIT,0.3834,neutral,0.7637968063354492,0
2026-03-01 04:15:00,,Expert flags 'most troubling' part of Trump's latest 'campaign' in Iran,,,KXNEXTIRANLEADER-45JAN01-MKHA,0.3676,negative,0.8534541130065918,-1
2026-03-01 04:15:00,,"Delroy Lindo Addresses BAFTAs Slur Incident at NAACP Image Awards 2026, Thanks Peers For Love & Support: Photo 5288521 | Delroy Lindo Photos",,,KXGRAMMYNOMROTY-69-APE,0.3533,neutral,0.8824560642242432,0
2026-03-01 04:15:00,,"Delroy Lindo Addresses BAFTAs Slur Incident at NAACP Image Awards 2026, Thanks Peers For Love & Support: Photo 5288517 | Delroy Lindo Photos",,,KXGRAMMYNOMROTY-69-APE,0.3546,neutral,0.8852123618125916,0
2026-03-01 04:15:00,,Brandon Nima shines in thrilling debut for Temora in knockout | The Daily Advertiser,,,KXPERFORMROLEMILESMORALES-TYL,0.3407,positive,0.6514236927032471,1
2026-03-01 04:15:00,,"Kerala's social miracle: the long journey of breaking chains, building rights",,,INDIACLIMATE-30,0.2165,neutral,0.7421760559082031,0
2026-03-01 04:15:00,,"VIBE: Blues and roots, singer songwriter William Prince's latest album",,,KXGRAMMYNOMAOTY-69-ROM,0.3509,neutral,0.9061337113380432,0
2026-03-01 04:15:00,,"Another Win for Hot, White Men. Neat.",,,SENATESC-28-D,0.3217,neutral,0.8732854723930359,0
2026-03-01 04:15:00,,&#x1F60E;Another beauty of a day for your Sunday in the Spokane area! - Jason,,,KXNEXTTEAMNFL-27JALLEN-WAS,0.2738,neutral,0.8683704733848572,0
2026-03-01 04:15:00,,Morgan Stanley Raises Lam Research (LRCX) Valuation on Strong DRAM Investment Forecast,,,KXNETWORTHROYLEE-29,0.336,positive,0.9487585425376892,1
2026-03-01 04:15:00,,Iran's supreme leader Ayatollah Ali Khamenei killed in attack by US and Israel,,,KXNEXTIRANLEADER-45JAN01-ALAR,0.5376,negative,0.5454071164131165,-1
2026-03-01 04:15:00,,Attorney Zulu Ali: Why Hard Work Still Matters,,,KXNEXTIRANLEADER-45JAN01-ALAR,0.2632,neutral,0.7660486698150635,0
2026-03-01 04:15:00,,Fukushima company working to realize drone logistics,,,KXDATACENTER-30,0.3076,neutral,0.5631533265113831,0
2026-03-01 04:15:00,,US deploys suicide drones and Tomahawk missiles to Iran,,,KXWITHDRAW-29-IAEA,0.3676,neutral,0.6286354064941406,0
2026-03-01 04:15:00,,Names of four new Wetherspoon pubs announced - full list,,,KXNEXTTEAMNFL-27JALLEN-JAX,0.2421,neutral,0.9429141879081726,0
2026-03-01 04:15:00,,Ali Khamenei dead: The cleric who shaped Iran for over three decades,,,KXNEXTIRANLEADER-45JAN01-ALAR,0.622,neutral,0.8501725792884827,0
2026-03-01 04:15:00,,CM Pushkar Singh Dhami celebrates holi at his private residence,,,KXNEXTDHSSEC-29-THOM,0.33,neutral,0.9194570779800415,0
2026-03-01 04:15:00,,UP LoP flags MLA-officials tussle in Yogi govt,,,KXAFRICALEADEROUT-35-BT,0.263,negative,0.9164211750030518,-1
2026-03-01 04:15:00,,"Early voting period ends, how to prepare to vote on primary election day",,,KXFIRSTPRIMARYD-28-NC,0.4004,neutral,0.9409051537513733,0
2026-03-01 04:15:00,,"Iranian Defence Minister, IRGC chief among 7 top commanders killed in Israeli strikes",,,KXNEXTIRANLEADER-45JAN01-MQOM,0.4043,negative,0.7790713310241699,-1
2026-03-01 04:15:00,,No-one will mourn Iran's 'oppressive' leader: PM,,,KXNEXTIRANLEADER-45JAN01-MQOM,0.6038,neutral,0.8486123085021973,0
2026-03-01 04:15:00,,Four injured as Iranian missile strike damages Dubai International Airport,,,KXPUTINDJTLOCATION-29-UAE,0.3285,negative,0.8949562311172485,-1
2026-03-01 04:15:00,,WUD Film Presents: Thelma & Louise (1991) [Open Caption Screening],,,KXPERFORMROLEBRITNEY-FLO,0.2987,neutral,0.9259714484214783,0
2026-03-01 04:15:00,,"Taurus &#x2649; Weekly Horoscope (2nd March - 8th March, 2026): Stability in Love, Money & Work",,,KXGRAMMYNOMNAOTY-69-GIR,0.3577,neutral,0.9260423183441162,0
2026-03-01 04:15:00,,MOVIE MIKE: Is Hollywood Ending? $200 million Film Made by AI in 1 Day + Mo | Bill 95.3,,,KXSHOWENDFAMILYGUY-30,0.4268,neutral,0.927812397480011,0
2026-03-01 04:15:00,,"Police deny nod, then allow Jantar Mantar rally with 'conditions' | Delhi News",,,KXROLEATEVENTCOACHELLA-27DEC31-CHAP,0.2861,neutral,0.8602365851402283,0
2026-03-01 04:15:00,,Harris County DA launches anti-illegal dumping program in Sunnyside neighborhood,,,KXDEELRIP-40-DEEL,0.2212,neutral,0.7810271978378296,0
2026-03-01 04:15:00,,5 compact fridges for small apartments with strong cooling and low energy use,,,KXPRIMEENGCONSUMPTION-30-NUCLEAR,0.2037,neutral,0.8183780908584595,0
2026-03-01 04:15:00,,Travel expert Simon Calder predicts when UK flights will resume after Iran attack,,,KXPUTINDJTLOCATION-29-SARA,0.3257,neutral,0.9171255230903625,0
2026-03-01 04:15:00,,Andhra: Deputy CM Pawan Kalyan meets families of Vetlapalem explosion victims,,,KXSCOURT-29-NR,0.2686,neutral,0.8867771029472351,0
2026-03-01 04:15:00,,'She's in the sky': K'gari tragedy teen farewelled,,,KXPERFORMROLE007-ANA,0.3002,neutral,0.8320585489273071,0
2026-03-01 04:15:00,,"Leo &#x264C;&#xFE0F; Weekly Horoscope (2nd March - 8th March, 2026): Bold Choices, Balanced Results",,,KXGRAMMYNOMNAOTY-69-WED,0.3683,positive,0.8132615089416504,1
2026-03-01 04:15:00,,Dramatic changes observed in one of universe's biggest stars,,,KXVENUEPERFORMANCESPHERE-28JAN01-FRE,0.2345,neutral,0.5999792218208313,0
2026-03-01 04:15:00,,Fears of Mideast war as US-Iran conflict flares,,,KXABRAHAMSY-29-JAN20,0.4538,negative,0.8563641309738159,-1
2026-03-01 04:15:00,,Australian travellers in Middle East warned: 'Difficult days ahead',,,KXPUTINDJTLOCATION-29-UAE,0.3197,negative,0.94206303358078,-1
2026-03-01 04:15:00,,Iran's supreme leader killed in major attack by US and Israel,,,KXNEXTIRANLEADER-45JAN01-MQOM,0.5246,negative,0.646519660949707,-1
2026-03-01 04:15:00,,"Delroy Lindo Addresses BAFTAs Slur Incident at NAACP Image Awards 2026, Thanks Peers For Love & Support: Photo 5288523 | Delroy Lindo Photos",,,KXGRAMMYNOMROTY-69-APE,0.3581,neutral,0.8845558762550354,0
2026-03-01 04:15:00,,Spring training roundup: Royals blowout Rockies in offensive explosion,,,KXNEXTTEAMNFL-27JALLEN-WAS,0.3033,neutral,0.562515139579773,0
2026-03-01 04:15:00,,Nike's China Challenges Remain in Focus as BNP Paribas Maintains Bearish Outlook,,,KXROLEATEVENTCOACHELLA-27DEC31-POL,0.3609,negative,0.8231726288795471,-1
2026-03-01 04:15:00,,'Problematic' efforts by Trump loyalist helped bury admin's latest scandal: experts,,,KXTRUMPPARDONS-29JAN21-GMAX,0.3932,negative,0.8888921737670898,-1
2026-03-01 04:15:00,,"23rd annual Sam Galloway, Jr. & Friends Soup Kitchen Benefit set for March 5",,,KXROLEATEVENTCOACHELLA-27DEC31-SAM,0.2972,neutral,0.9362789392471313,0
2026-03-01 04:15:00,,Texas port humming as Trump ramps up Venezuelan oil,,,KXSTATE51-29-VE,0.44,positive,0.6977327466011047,1
2026-03-01 04:15:00,,"UniFiji opposes mandatory no-bail period for drug offences, urges strengthened bail conditions",,,KXHABEAS-29,0.2919,neutral,0.6207865476608276,0
2026-03-01 04:15:00,,DA Davidson Boosts Deere (DE) Target on Improving Demand Outlook,,,KXFEDDECISION-28JAN-H25,0.3658,positive,0.9544238448143005,1
2026-03-01 04:15:00,,"Horoscope Tomorrow, March 1, 2026: Financial caution advised while new ideas take shape",,,KXNETWORTHKAICENAT-30,0.4652,neutral,0.9104399681091309,0
2026-03-01 04:15:00,,TD Cowen Cuts Marvell (MRVL) Target While Highlighting Strong AI Infrastructure Outlook,,,KX2028RRUN-28-TMAS,0.27,positive,0.7698603272438049,1
2026-03-01 04:15:00,,"'The Kerala Story 2' opens in theatres amid protests, audiences left divided",,,KXVENUEPERFORMANCEMSG-27DEC31-CHA,0.2524,negative,0.8780351281166077,-1
2026-03-01 04:15:00,,Xavier vs. Creighton TV & Stream &#x2013; March 1 | Fox Sports 1340 WNCO,,,KXROLEATEVENTCOACHELLA-27DEC31-KAL,0.317,neutral,0.9426248669624329,0
2026-03-01 04:15:00,,Middle East faces uncertainty after Trump claims Ayatollah killed,,,KXABRAHAMSA-29-JAN20,0.4547,negative,0.7151594758033752,-1
2026-03-01 04:15:00,,Arthur J. Gallagher (AJG) Upgraded by Mizuho as Insurance Brokerage Outlook Improves,,,KXNEXTDEF-29-MGAL,0.4046,neutral,0.7806057333946228,0
2026-03-01 04:15:00,,"Two charged after fleeing from officers, crashing into patrol car and home, La Vergne police say",,,KXTRUMPAGCOUNT-29-2,0.2065,negative,0.8664700984954834,-1
2026-03-01 04:15:00,,LDS Church says members in Middle East are safe amid Iran strikes,,,KXABRAHAMSA-29-JAN20,0.3157,neutral,0.6912446618080139,0
2026-03-01 04:15:00,,Celebrations erupt nationwide as Persians react to Iran strikes,,,KXNEXTIRANLEADER-45JAN01-ABO,0.3773,neutral,0.6724016070365906,0
2026-03-01 04:15:00,,"For some Iranian Canadians, strikes on Iran signal a possible turning point",,,KXNEXTIRANLEADER-45JAN01-ABO,0.3854,negative,0.49336934089660645,-1
2026-03-01 04:15:00,,Teen environmental summit gives QCA youth chance to learn about conservation,,,KXAGENCYELIM-29-EPA,0.307,neutral,0.8374603986740112,0
2026-03-01 04:15:00,,"Middle East crisis: Air India cancels Delhi London, New York, Toronto flights",,,KXSUPERSONIC-28,0.3282,negative,0.9087819457054138,-1
2026-03-01 04:15:00,,"AMERICA PRAYER VIGIL - MARCH 1, 2026 0 (Prayer)",,,KXGTA6SONGS-30-GOD,0.3721,neutral,0.9298245906829834,0
2026-03-01 04:15:00,,What To Expect From Sealed Air's (SEE) Q4 Earnings,,,EVSHARE-30JAN-10,0.3458,neutral,0.9395808577537537,0
2026-03-01 04:15:00,,"Cancer &#x264B; Weekly Horoscope (2nd March - 8th March, 2026): Healing, Stability & Clarity",,,KXCABLEAVE-26FEB-26FEB,0.3122,neutral,0.8816931843757629,0
2026-03-01 04:15:00,,"Delroy Lindo Addresses BAFTAs Slur Incident at NAACP Image Awards 2026, Thanks Peers For Love & Support: Photo 5288522 | Delroy Lindo Photos",,,KXGRAMMYNOMROTY-69-APE,0.3539,neutral,0.8840118646621704,0
2026-03-01 04:15:00,,Stryker (SYK) Sees Higher Price Target from UBS amid Continued MedTech Strength,,,KXGTAPRICE-60,0.2619,positive,0.9561071991920471,1
2026-03-01 04:15:00,,"YouTuber's throat slit at Ghaziabad house, critical; Yogi calls for strict action&#xA0; | Delhi News",,,KXROLEATEVENTCOACHELLA-27DEC31-JOJ,0.4271,negative,0.5248555541038513,-1
2026-03-01 04:15:00,,'Saara paisa dub gaya': IITian's holiday plans ruined by Dubai airspace closure,,,KXLIPATURNERLOCATION-30-MAL,0.3705,negative,0.9316892027854919,-1
2026-03-01 04:15:00,,Several passengers stranded at Bengaluru Airport as Israel-Iran conflict disrupts flight operations,,,KXPUTINDJTLOCATION-29-UAE,0.2175,negative,0.9619894027709961,-1
2026-03-01 04:15:00,,Latest data under spotlight as pressure builds on rates,,,KXFEDDECISION-28JAN-C26,0.3279,negative,0.6659493446350098,-1
2026-03-01 04:15:00,,"Cavaliers vs. Nets Time, TV & Stream &#x2013; March 1 | Fox Sports 1340 WNCO",,,KXROLEATEVENTROLLING-27DEC31-GUN,0.3796,neutral,0.9430958032608032,0
2026-03-01 04:15:00,,US and Israel launch a major attack on Iran,,,KXABRAHAMSY-29-JAN20,0.4983,neutral,0.749941349029541,0
2026-03-01 04:15:00,,At a glance: US-Israel attack on Iran,,,KXABRAHAMSY-29-JAN20,0.546,neutral,0.8650417923927307,0
2026-03-01 04:15:00,,Why Tuckaway Tavern Is A Must-Visit In New Hampshire,,,KXFIRSTPRIMARYD-28-NH,0.2818,neutral,0.9100276827812195,0
2026-03-01 04:15:00,,Braeden Carrington explodes for 32 points as Wisconsin routs Washington,,,KXNEXTTEAMNFL-27JALLEN-WAS,0.3213,neutral,0.7718740105628967,0
2026-03-01 04:15:00,,onslow county court records-us district court middle district of florida,,,KXSCOURT-29-JL,0.2312,neutral,0.9123213887214661,0
2026-03-01 04:15:00,,East-West Rail Corridor Flood: Network Status Update 1 March,,,KXCONGESTIONSUIT-28,0.3881,neutral,0.9261257648468018,0
2026-03-01 04:15:00,,Investors eye Vi&#x1EC7;t&#xA0;Nam's hotel market,,,KXSPACEXBANKPUBLIC-28JAN01-MSX,0.3294,neutral,0.9338585734367371,0
2026-03-01 04:15:00,,'She's in the sky': K'gari tragedy teen farewelled,,,KXPERFORMROLE007-ANA,0.3002,neutral,0.8320585489273071,0
2026-03-01 04:15:00,,Woman dead after plane crash south of Hurricane,,,KXROLEATEVENTCOACHELLA-27DEC31-LAN,0.2282,negative,0.7661466002464294,-1
2026-03-01 04:15:00,,Comox Valley woman faces death after drug for rare diabetes runs out,,,KXFDATYPE1DIABETES-33,0.4313,negative,0.8039060235023499,-1
2026-03-01 04:15:00,,Propane from an overturned truck transferred to another truck after Orondo crash,,,GOVPARTYMT-28-D,0.1765,neutral,0.8829944729804993,0
2026-03-01 04:15:00,,"Delroy Lindo Addresses BAFTAs Slur Incident at NAACP Image Awards 2026, Thanks Peers For Love & Support",,,KXGRAMMYNOMROTY-69-APE,0.3372,neutral,0.7804694175720215,0
2026-03-01 04:15:00,,Severna Park's Queen becomes all-time wins leader in Anne Arundel,,,GOVPARTYWV-28-R,0.287,neutral,0.7296497225761414,0
2026-03-01 04:15:00,,Lady Echelon Project offers building 'blocks' &#x2013; Times Herald Online,,,KXIPORIPPLING-26OCT01,0.2664,neutral,0.9150143265724182,0
2026-03-01 04:15:00,,"Junior Architect/Interior Designer - Calabasas, CA, US | Jobs",,,KXJOINRONALDO-27-LA,0.3127,neutral,0.9145731925964355,0
2026-03-01 04:15:00,,Thousands of travellers stranded by flight disruptions,,,KXAGENCYELIM-29-NASA,0.2077,negative,0.9493529796600342,-1
2026-03-01 04:15:00,,"Sonal Chauhan stranded in Dubai amid US-Iran conflict, reaches out to PM Narendra Modi: 'No clear way to return'",,,KXPUTINDJTLOCATION-29-UAE,0.3556,neutral,0.44421064853668213,0
2026-03-01 04:15:00,,"Ayatollah&#xA0;Ali&#xA0;Khamenei dead at 86, ending his iron grip on Iran",,,KXNEXTIRANLEADER-45JAN01-ALAR,0.5568,neutral,0.650955080986023,0
2026-03-01 04:15:00,,Parties court startups with big poll promises,,,KXSCOTUSPOWER-29-29JAN20-R8-1,0.4102,neutral,0.8385016918182373,0
2026-03-01 04:15:00,,Tinubu's Decisive Push for State Police in Nigeria,,,KXAFRICALEADEROUT-35-BT,0.492,positive,0.6004213690757751,1
2026-03-01 04:15:00,,March Into Spring (Partner Promotion),,,KXIPORAMP-27FEB01,0.3218,neutral,0.9215534329414368,0
2026-03-01 04:15:00,,"Explosion, gunfire as Afghan forces shoot at aircraft over Kabul",,,KXPUTINDJTLOCATION-29-SARA,0.2213,negative,0.629866898059845,-1
2026-03-01 04:15:00,,Balatro - Game,,,KXGTA6SONGS-30-MAS,0.2665,neutral,0.9153738021850586,0
2026-03-01 04:15:00,,Cavaliers vs. Nets Injury Report &#x2013; March 1 | Fox Sports 1340 WNCO,,,KXNEXTTEAMNFL-27JALLEN-CLE,0.3703,neutral,0.8980382084846497,0
2026-03-01 04:15:00,,India forex reserves drop by $2.11 billion to $723.608 billion in week that ended Feb 20,,,KXFEDEND-29-JAN20,0.4028,negative,0.9745853543281555,-1
2026-03-01 04:15:00,,Rural triangular house | &#x57CE;&#x7406;&#x8BBE;&#x8BA1;UrbanFabric,,,KXAUSTRALIAHOUSE-28-ALP,0.2302,neutral,0.9176532626152039,0
2026-03-01 04:15:00,,A Bali birthday and a mistaken murder: How shooting death of Melbourne father played out in court,,,KXAUSTRALIAHOUSE-28-ALP,0.2791,neutral,0.7773403525352478,0
2026-03-01 04:15:00,,Heavy rain and strong winds expected until tomorrow afternoon,,,KXCO2LEVEL-30-460,0.2476,negative,0.4880898594856262,-1
2026-03-01 04:15:00,,"Probable Lineups: Club Am&#xE9;rica vs Tigres, Clausura 2026 Jornada 8",,,KXJOINRONALDO-27-MTY,0.3789,neutral,0.9122598767280579,0
2026-03-01 04:15:00,,Missile interceptors in U.S.-Iran war | Explained,,,KXWITHDRAW-29-IAEA,0.3324,neutral,0.9084085822105408,0
2026-03-01 04:15:00,,The 'QuitGPT' movement gains steam as OpenAI's Department of War deal has users saying 'Cancel ChatGPT',,,KXOAIDAMAGE-28,0.3557,negative,0.4792516529560089,-1
2026-03-01 04:15:00,,Iran live updates: Iranian state TV reports Iranian Supreme Leader Ali Khamenei is dead,,,KXNEXTIRANLEADER-45JAN01-ALAR,0.5756,negative,0.6464774012565613,-1
2026-03-01 04:15:00,,Apollo Global Management (APO) Coverage Initiated by RBC with Neutral View on Valuation,,,KXSPACEXBANKPUBLIC-28JAN01-BOAX,0.2914,neutral,0.9499184489250183,0
2026-03-01 04:15:00,,American Express (AXP) Plans New Global Headquarters at 2 World Trade Center,,,KXWITHDRAW-29-WTO,0.3516,neutral,0.8403721451759338,0
2026-03-01 04:15:00,,Protests in Kashmir against killing of Iran's Ayatollah Khamenei in US&#x2011;Israel strike | Srinagar News,,,KXNEXTIRANLEADER-45JAN01-MKHA,0.388,negative,0.6796495318412781,-1
2026-03-01 04:15:00,,Advisory For Bermudians In The Middle East,,,KXABRAHAMSA-29-JAN20,0.3676,neutral,0.8492198586463928,0
2026-03-01 04:15:00,,"Cops to probe every complaint of bid to topple govt, says Saifuddin",,,KXOAIDAMAGE-28,0.2801,neutral,0.8489684462547302,0
2026-03-01 04:15:00,,Israel News & Videos - ABC News,,,KXABRAHAMQ-29-JAN20,0.455,neutral,0.9281288981437683,0
2026-03-01 04:15:00,,We cool down with a wintery mix possible tomorrow; More precipitation chances as we warm up through the first week of March,,,USCLIMATE-2025,0.3582,positive,0.7469081878662109,1
2026-03-01 04:15:00,,"IndiGo issues advisory, says schedule adjustments may occur amid rising tensions in Middle East",,,KXIPOOPENAI-27MAR01,0.3639,negative,0.9425482749938965,-1
2026-03-01 04:15:00,,Race car show at Kutztown Fairgrounds delights enthusiasts with throwback experience,,,KXVENUEPERFORMANCEMSG-27DEC31-ICE,0.2787,neutral,0.81107497215271,0
2026-03-01 04:15:00,,Meet Moya - China's 1st Biomimetic AI Robot Looks Almost Human,,,KXROBOTMARS-35,0.3904,neutral,0.7118543386459351,0
2026-03-01 04:15:00,,UCF's three-game win streak snapped by struggling Baylor,,,KXNDJOINCONF-27-SEC,0.3582,negative,0.7837167382240295,-1
2026-03-01 04:15:00,,Filipino-Australian Angela Beard to play for the Philippines against the Matildas in Asian Cup,,,KXPHILIPPINESHOUSE-28-PFP,0.3807,neutral,0.8792868256568909,0
2026-03-01 04:15:00,,"Iran's powerful, religious leader Ali Khamenei dead",,,KXNEXTIRANLEADER-45JAN01-ALAR,0.6049,neutral,0.7695638537406921,0
2026-03-01 04:15:00,,Remo Stars return to Ikenne amid relegation battle,,,KXIPOSTARLINK-26JUN01,0.2026,negative,0.4170333445072174,-1
2026-03-01 04:15:00,,Khamenei's final X post surfaces hours after Trump announces killing: What it means,,,KXPUTINDJTLOCATION-29-UAE,0.3272,neutral,0.9181644320487976,0
2026-03-01 04:15:00,,"Sikandar, Retro music composer Santhosh Narayanan reveals leaving Qatar right before shutdown due to US-Iran conflict",,,KXPUTINDJTLOCATION-29-QAT,0.3812,neutral,0.868230402469635,0
2026-03-01 04:15:00,,Iran's supreme leader killed in major attack by US and Israel &#x2013; Capital Gazette,,,KXNEXTIRANLEADER-45JAN01-MQOM,0.5333,neutral,0.8252372145652771,0
2026-03-01 04:15:00,,Iran leader Khamenei killed in massive US and Israeli attack,,,KXNEXTIRANLEADER-45JAN01-MKHA,0.42,negative,0.6266224980354309,-1
2026-03-01 04:15:00,,Title Arch North West To Support Victim-survivors,,,KXPERFORMROLEMILESMORALES-CAL,0.2181,neutral,0.6846713423728943,0
2026-03-01 04:15:00,,"Judge Pauses $350M Budget Lawsuit as Michigan House, State Signal Possible Deal",,,KXFIRSTPRIMARYD-28-MI,0.3431,negative,0.7001520991325378,-1
2026-03-01 04:15:00,,CRH Target Increased as Acquisition Activity and Capital Investment Continue,,,EVSHARE-30JAN-50,0.3152,positive,0.9509933590888977,1
2026-03-01 04:15:00,,State pension concerns as many workers 'not able to retire as early',,,KXPOPCHANGESTATE10-35,0.2813,negative,0.956732988357544,-1
2026-03-01 04:15:00,,The $35 Costco Glassware Set That's Made For Spring,,,KXFYREFESTPRICE-30-5000,0.3314,neutral,0.8839032053947449,0
2026-03-01 04:15:00,,'She's in the sky': K'gari tragedy teen farewelled,,,KXPERFORMROLE007-ANA,0.3002,neutral,0.8320585489273071,0
2026-03-01 04:15:00,,Wisma Putra advises M'sians to halt non-essential travel to Middle East,,,KXEUREF-30-GRE,0.3306,negative,0.8118473291397095,-1
2026-03-01 04:15:00,,Follow Riverina vs Monaro as men's Country Championships begins | The Daily Advertiser,,,SENATECA-28-D,0.3797,neutral,0.9282456636428833,0
2026-03-01 04:15:00,,"""TMC always gives opportunities to people who have done good work"": Kirti Azad on party's RS nominations",,,KXGHANAPRES-28-MBAW,0.4529,neutral,0.6676679253578186,0
2026-03-01 04:15:00,,No. 10 Florida State softball doubles up wins against Rutgers in final day of Unconquered Invitational,,,KXNDJOINCONF-27-BIG10,0.3792,neutral,0.5884547233581543,0
2026-03-01 04:15:00,,"Even if you Grate more Satan on my Supreme, assassinating a leader doesn't mean regime change",,,KXNEXTIRANLEADER-45JAN01-ABO,0.3571,neutral,0.8000284433364868,0
2026-03-01 04:15:00,,Retired Vice Admiral gives military perspective on US-Israel attacks on Iran,,,KXABRAHAMSY-29-JAN20,0.4462,neutral,0.916231095790863,0
2026-03-01 04:15:00,,"""Conflict was building up for 6 months"": Retd Air Marshal Sanjeev Kapoor",,,KXROLEATEVENTCOACHELLA-27DEC31-KHA,0.3091,neutral,0.8416590690612793,0
2026-03-01 04:15:00,,43% chance Iran Supreme Leader successor named by March 2,,,KXNEXTIRANLEADER-45JAN01-MQOM,0.6886,neutral,0.9239630699157715,0
2026-03-01 04:15:00,,Indepedent review of Inpex Ichthys LNG project finds emissions were 'systematically underestimated' for years,,,KXPRIMEENGCONSUMPTION-30-COAL,0.2847,negative,0.9521297812461853,-1
2026-03-01 04:15:00,,Michigan State vs. Ohio State TV & Stream &#x2013; March 1,,,KXFIRSTPRIMARYD-28-MI,0.447,neutral,0.9079989194869995,0
2026-03-01 04:15:00,,The 'Painted Life of E.J. Hughes' is making a splash at B.C. film festivals this year,,,KXROLEATEVENTCOACHELLA-27DEC31-KOD,0.3687,neutral,0.8638944029808044,0
2026-03-01 04:15:00,,Surveillance is invading privacy in Cape Coral - North Fort Myers Neighbor,,,KXACTORSONNYCROCKETT-35-MIL,0.1862,negative,0.4942949712276459,-1
2026-03-01 04:15:00,,Hands-on demo at Reading park teaches tree-to-table process for maple syrup,,,KXVENUEPERFORMANCEMSG-27DEC31-ICE,0.2256,neutral,0.9246899485588074,0
2026-03-01 04:15:00,,NNPC pushes for CNG investments as AKK pipeline nears,,,KXGREENLAND-29-27,0.3378,positive,0.7440109848976135,1
2026-03-01 04:15:00,,'444 flights expected to be cancelled on March 1': Civil aviation ministry shares update amid Middle East crisis,,,KXAGENCYELIM-29-NASA,0.3447,negative,0.9287273287773132,-1
2026-03-01 04:15:00,,State pension alert ahead of major changes to eligibility rules,,,KXCASECESSION-30,0.3016,neutral,0.8556982278823853,0
2026-03-01 04:15:00,,"""Our partnership is a true blessing..."": Israeli President Isaac Herzog hails military takedown on Iran",,,KXABRAHAMQ-29-JAN20,0.452,neutral,0.7073078751564026,0
2026-03-01 04:15:00,,Homeward Bound on North Avenue closes its doors; Community shows up in support,,,KXMEDIARELEASEPRISONBREAK-30JAN01-28JAN01,0.227,neutral,0.7412214875221252,0
2026-03-01 04:15:00,,Actor Shia LaBeouf arrested again on battery charge in New Orleans,,,KXTRUMPPARDONS-29JAN21-STEL,0.319,negative,0.9086014032363892,-1
2026-03-01 04:15:00,,Iran's supreme leader Ayatollah Ali Khamenei killed in attack by US and Israel,,,KXNEXTIRANLEADER-45JAN01-ALAR,0.5376,negative,0.5454071164131165,-1
2026-03-01 04:15:00,,Police help beaver cross road in Redmond,,,KXLONDONMAYOR-28MAY01-ZPOL,0.2349,negative,0.6197011470794678,-1
2026-03-01 04:15:00,,Madonna steals the spotlight at Dolce & Gabbana's Milan Fashion Week runway show,,,KXROLEATEVENTCOACHELLA-27DEC31-ARI,0.3414,positive,0.630602240562439,1
2026-03-01 04:15:00,,Lakeside Landing | Graham Baba Architects,,,KXROLEATEVENTCOACHELLA-27DEC31-BEN,0.222,neutral,0.934238076210022,0
2026-03-01 04:15:00,,Dictator or ambitious? Wanga's changing fortunes,,,KXXISUCCESSOR-45JAN01-WHUN,0.4562,neutral,0.8651308417320251,0
2026-03-01 04:15:00,,Mexican official says World Diving Cup will be rescheduled after cancellation,,,KXROLEATEVENTCOACHELLA-27DEC31-RUA,0.3185,neutral,0.8010798096656799,0
2026-03-01 04:15:00,,COMPLIATION: ***Operation: Roaring Lion / Epic Fury*** (2.28.26),,,KXROLEATEVENTROLLING-27DEC31-21S,0.2686,neutral,0.9120433330535889,0
2026-03-01 04:15:00,,BofA Trims TPG Valuation while Reaffirming Confidence in Growth Strategy,,,EVSHARE-30JAN-20,0.3235,positive,0.9259198307991028,1
2026-03-01 04:15:00,,How succession works in Iran and who will be the country's next supreme leader?,,,KXNEXTIRANLEADER-45JAN01-MQOM,0.7906,neutral,0.9399785995483398,0
2026-03-01 04:15:00,,Lani White goes for 19 points as Utah women overwhelm Arizona on senior night,,,GOVPARTYUT-28-D,0.4104,positive,0.7351446747779846,1
2026-03-01 04:15:00,,Tasty Heart Healthy Salmon Recipe from Intermountain Health Dietitians,,,KXTAYLORSWIFTWEDDING-30JAN01-ICE,0.2099,neutral,0.9055818319320679,0
2026-03-01 04:15:00,,"Inside Nigerian Politics: Caucuses, Cash, and Godfathers",,,KXAFRICALEADEROUT-35-BT,0.5908,neutral,0.927579939365387,0
2026-03-01 04:15:00,,What to know about Iran's Supreme Leader Ayatollah Ali Khamenei,,,KXNEXTIRANLEADER-45JAN01-MKHA,0.6667,neutral,0.9212092757225037,0
2026-03-01 04:15:00,,Montezuma-Cortez caps undefeated regular season with Senior Night blitz against Bayfield,,,KXNEXTTEAMNFL-27JALLEN-TB,0.3708,positive,0.9122699499130249,1
2026-03-01 04:15:00,,"Delroy Lindo Addresses BAFTAs Slur Incident at NAACP Image Awards 2026, Thanks Peers For Love & Support: Photo 5288520 | Delroy Lindo Photos",,,KXGRAMMYNOMROTY-69-APE,0.3552,neutral,0.8836567997932434,0
2026-03-01 04:15:00,,Scream 7 Reviews: Neve Campbell Shines but Critics Call It the Worst-Reviewed Film in the Franchise,,,KXPERFORMROLE007-MONEYPENNY-NAO,0.3529,negative,0.9590200781822205,-1
2026-03-01 04:15:00,,Illegal immigrant wearing red winter hat who viciously stabbed woman to death as she stepped off bus in Virginia had THIRTY prior arrests... but was let out of jail by woke prosecutors every time,,,KXTRUMPPARDONS-29JAN21-GMAX,0.3095,negative,0.8145067095756531,-1
2026-03-01 04:15:00,,Patriots Deem Brown's Asking Price Excessive,,,KXNEXTTEAMNFL-27JALLEN-GB,0.3144,neutral,0.8742517232894897,0
2026-03-01 04:15:00,,Bengaluru CEO thanks Air India after Emirates flight to Dubai cancelled: 'Maharaja getting me home',,,KXROLEATEVENTCOACHELLA-27DEC31-KHA,0.279,neutral,0.4226854145526886,0
2026-03-01 04:15:00,,BYU women celebrate seniors with comeback victory over Colorado,,,GOVPARTYUT-28-D,0.3418,positive,0.5129438042640686,1
2026-03-01 04:15:00,,Texas A&M Baseball Battles UCLA: Live Updates,,,KXNBASEATTLE-30,0.3041,neutral,0.9328153729438782,0
2026-03-01 04:15:00,,Vin Diesel and the Power of Not Explaining Yourself,,,KXFEDCHAIRNOM-29-KW,0.2601,neutral,0.8514958024024963,0
2026-03-01 04:15:00,,"NAACP Image Awards open with Deon Cole jokes, BAFTA nod and Michael B. Jordan, Delroy Lindo support",,,KXGRAMMYNOMNAOTY-69-JOR,0.4116,neutral,0.880329966545105,0
2026-03-01 04:15:00,,Ag Day will shine a light on the agricultural portion of the expo March 7,,,KXIPORAMP-27MAR01,0.3623,neutral,0.7755501866340637,0
2026-03-01 04:15:00,,'We are just all human beings' | Faith leaders walk 9 miles to call for humane immigration policies,,,KXGTA6SONGS-30-GOD,0.2736,neutral,0.825015127658844,0
2026-03-01 04:15:00,,PHOTOS: Shelter of Flint Coldest Night of the Year 2026,,,USCLIMATE-2025,0.3845,neutral,0.8948286771774292,0
2026-03-01 04:15:00,,Living aesthetics Museum of Orchid Garden community  | &#x57CE;&#x7406;&#x8BBE;&#x8BA1;UrbanFabric,,,KXVENUEPERFORMANCEMSG-27DEC31-SAB,0.2423,neutral,0.9156887531280518,0
2026-03-01 04:15:00,,"Delroy Lindo Addresses BAFTAs Slur Incident at NAACP Image Awards 2026, Thanks Peers For Love & Support: Photo 5288516 | Delroy Lindo Photos",,,KXGRAMMYNOMROTY-69-APE,0.3548,neutral,0.8867741823196411,0
2026-03-01 04:15:00,,Philadelphia Iranians react to US strikes on Iran,,,KXNEXTTEAMNFL-27JALLEN-PHI,0.3654,neutral,0.6344404816627502,0
2026-03-01 04:15:00,,"Trump: Diplomatic solution in Iran remains possible and ""much easier now""",,,KXNEXTIRANLEADER-45JAN01-ABO,0.5107,positive,0.6681296825408936,1
2026-03-01 04:15:00,,Middle East airspace restrictions hit travel: 444 flights expected to be cancelled today,,,KXSUPERSONIC-28,0.3917,negative,0.9592218399047852,-1
2026-03-01 04:15:00,,Latest data under spotlight as pressure builds on rates,,,KXFEDDECISION-28JAN-C26,0.3279,negative,0.6659493446350098,-1
2026-03-01 04:15:00,,"Iran strike was Pentagon's 1st use of 1-way drones, CENTCOM says",,,KXDATACENTER-30,0.2468,neutral,0.8731182217597961,0
2026-03-01 04:15:00,,NFL Combine 2026 Day 3: Taylen Green Among 10 Rising or Falling Players,,,KXNEXTTEAMNFL-27JALLEN-GB,0.4615,neutral,0.6774663329124451,0
2026-03-01 04:15:00,,First Nations' Mardi Gras float issues climate call,,,USCLIMATE-2030,0.424,neutral,0.8657424449920654,0
2026-03-01 04:15:00,,"After 131.6M Subscribers, HBO Max Faces a Crucial New Era Under Paramount",,,KXTAKEOVERACQWB-27JUN30-PSKY,0.4185,neutral,0.5073325037956238,0
2026-03-01 04:15:00,,Anubhuti Kashyap shares what drives forward the story of 'Accused',,,KXSCOURT-29-AT,0.2506,neutral,0.9148406982421875,0
2026-03-01 04:15:00,,Taylen Green Shines with Record Performance at NFL Combine,,,KXNEXTTEAMNFL-27JALLEN-GB,0.4296,positive,0.8770623207092285,1
2026-03-01 04:15:00,,"Aries &#x2648; Weekly Horoscope (2nd March - 8th March, 2026): Steady Progress, Relationship Focus",,,KXABRAHAMSY-29-JAN20,0.3954,positive,0.8176347017288208,1
2026-03-01 04:15:00,,Iranian state TV says Supreme Leader Ayatollah Ali Khamenei has died,,,KXNEXTIRANLEADER-45JAN01-ALAR,0.5757,negative,0.5609043836593628,-1
2026-03-01 04:15:00,,Questions cloud Trump's case for war against Iran,,,KXABRAHAMSA-29-JAN20,0.4488,negative,0.5057699680328369,-1
2026-03-01 04:15:00,,Ferrari Simmons - Real 105.1,,,KXROLEATEVENTCOACHELLA-27DEC31-DAV,0.3504,neutral,0.852738082408905,0
2026-03-01 04:15:00,,10 Games to Play to Prepare for Slay the Spire 2,,,KXNBASEATTLE-30,0.2724,neutral,0.909827709197998,0
2026-03-01 04:15:00,,Xavier College loses symbolic 'Wisdom Tree' after more than 50 years,,,KXDOED-29-JAN20,0.2617,negative,0.9017101526260376,-1
2026-03-01 04:15:00,,Dubai airport chaos: Emirates confirms when flights will resume as Brits scramble to flee,,,KXPUTINDJTLOCATION-29-UAE,0.4759,neutral,0.5905757546424866,0
2026-03-01 04:15:00,,Dort Dirty Play | Mavs Moneyball,,,KXPERFORMROLEMILESMORALES-DAL,0.4415,neutral,0.8935370445251465,0
2026-03-01 04:15:00,,"Iran's Supreme Leader Ayatollah Ali Khamenei, who led the Islamic Republic since 1989, is dead at 86",,,KXNEXTIRANLEADER-45JAN01-ALAR,0.6249,neutral,0.48841115832328796,0
2026-03-01 04:15:00,,"Rs 24 LPA salary, zero warning: Startup employee's sudden layoff sparks debate",,,KXU3MAX-30-8,0.3033,negative,0.9621526598930359,-1
2026-03-01 04:15:00,,Middle East faces uncertainty after Trump claims Ayatollah killed,,,KXABRAHAMSA-29-JAN20,0.4547,negative,0.7151594758033752,-1
2026-03-01 04:15:00,,"Daily World Briefing, March 1",,,KXIPORAMP-27JUN01,0.3989,neutral,0.9282171130180359,0
2026-03-01 04:15:00,,Viola Davis receives prestigious Chairman's prize at NAACP Image Awards,,,KXGRAMMYNOMNAOTY-69-ELL,0.4106,neutral,0.6972219944000244,0
2026-03-01 04:15:00,,'I Am Begging You to Listen' A Nurse Exposes Systemic Healthcare Failure,,,KXROLEATEVENTCOACHELLA-27DEC31-MARI,0.2525,negative,0.6495615839958191,-1
2026-03-01 04:15:00,,Trump's Iran strike tests MAGA unity ahead of midterms,,,KXNEXTIRANLEADER-45JAN01-MQOM,0.4271,negative,0.6369891166687012,-1
2026-03-01 04:15:00,,WAF urges people to store water as TC Urmil affects Fiji,,,KXBOUGAINVILLEIND-27JAN01,0.2917,neutral,0.8629331588745117,0
2026-03-01 04:15:00,,How succession works in Iran and who will be the country's next supreme leader?,,,KXNEXTIRANLEADER-45JAN01-MQOM,0.7906,neutral,0.9399785995483398,0
2026-03-01 04:15:00,,Constellation Energy (CEG) Positioned for Growth as PJM Market Developments Support Demand,,,EVSHARE-30JAN-20,0.3532,positive,0.9405249357223511,1
2026-03-01 04:15:00,,"Culture of Silence Fuels Rape in Nigeria, Says Activist",,,KXAFRICALEADEROUT-35-BT,0.334,negative,0.5026400685310364,-1
2026-03-01 04:15:00,,Minnesota United holds off FC Cincinnati in historically cold matchup,,,KXNEXTTEAMNFL-27JALLEN-MIN,0.4165,negative,0.5759804248809814,-1
2026-03-01 04:15:00,,Motorcyclist dies after SUV collision in Jacksonville,,,KXPERFORMROLEBRITNEY-MAR,0.2348,negative,0.8146825432777405,-1
2026-03-01 04:15:00,,Climb Driver - Game,,,KXGTA6SONGS-30-SHA,0.2628,neutral,0.9208354353904724,0
2026-03-01 04:15:00,,Active Pattern Ahead for the Northeast,,,KXECCOMPACT-30,0.3608,neutral,0.8334962725639343,0
2026-03-01 04:15:00,,Iranian state TV says Supreme Leader Ayatollah Ali Khamenei has died,,,KXNEXTIRANLEADER-45JAN01-ALAR,0.5757,negative,0.5609043836593628,-1
2026-03-01 04:15:00,,Thai Bartender Series Continues at Narkara Next Month: What To Know,,,KXIPOOPENAI-27MAR01,0.2714,neutral,0.9411069750785828,0
2026-03-01 04:15:00,,"Remembering Edward H. Crane, Co-Founder of the Cato Institute",,,KXTRUMPPARDONS-29JAN21-ESNO,0.2157,neutral,0.9047906994819641,0
2026-03-01 04:15:00,,"Meet director Danny Roebuck, as ""The Hail Mary"" opens nationwide",,,KXROLEATEVENTCOACHELLA-27DEC31-21S,0.3637,neutral,0.8820468783378601,0
2026-03-01 04:15:00,,"Head of Iran's Revolutionary Guard killed in airstrikes, state media reports",,,KXNEXTIRANLEADER-45JAN01-MQOM,0.3941,negative,0.7505757808685303,-1
2026-03-01 04:15:00,,Drone intercepted near Abu Dhabi Airport; debris causes fatality,,,KXPUTINDJTLOCATION-29-UAE,0.2436,negative,0.9504247903823853,-1
2026-03-01 04:15:00,,How Parshat Zachor frames Israel's struggle with Iran,,,KXABRAHAMQ-29-JAN20,0.432,neutral,0.9024260640144348,0
2026-03-01 04:15:00,,Shane Lowry soars into share of lead at Cognizant Classic,,,KXRYDERCUPCAPTAIN-2027USA-SSTR,0.3689,neutral,0.6178354024887085,0
2026-03-01 04:15:00,,'The Kerala Story 2' director Kamakhya Narayan Singh REACTS to film releasing in theaters; 'Satya kabhi parajit nahi hota' | Hindi Movie News,,,KXPERFORMROLE007-Q-DEV,0.3398,neutral,0.8546037077903748,0
2026-03-01 04:15:00,,Which Cast Members Are Returning to 'Bridgerton' for Season 5,,,KXACTORWHITELOTUS-27-PHO,0.5192,neutral,0.9251633882522583,0
2026-03-01 04:15:00,,US-Israeli Strikes on Iran Challenge International Law,,,KXABRAHAMQ-29-JAN20,0.4219,negative,0.6769518852233887,-1
2026-03-01 04:15:00,,Vistra (VST) Price Target Trimmed Despite Strong Earnings Performance,,,EVSHARE-30JAN-10,0.3007,positive,0.7765958905220032,1
2026-03-01 04:15:00,,Patrick Fiori Astonished by Auditions in 'The Voice',,,KXSNL-28-SH,0.3079,positive,0.5048332810401917,1
2026-03-01 04:15:00,,March Into Spring (Partner Promotion),,,KXIPORAMP-27FEB01,0.3218,neutral,0.9215534329414368,0
2026-03-01 04:15:00,,Nigeria's Urgent Need to Address Post-Harvest Losses,,,KXAFRICALEADEROUT-35-BT,0.4361,positive,0.8160737156867981,1
2026-03-01 04:15:00,,Lawmakers pitch statewide grand jury to investigate election violations [Georgia],,,KXGA1ROUND-26NOV03-AG,0.5293,neutral,0.6195966005325317,0
2026-03-01 04:15:00,,Cardinals take series from Archers on Hartholt shutout,,,KXNEWPOPE-70-AARB,0.2845,neutral,0.8120045065879822,0
2026-03-01 04:15:00,,"Shia LaBeouf breaks silence after Mardi Gras arrest, denies drinking problem | English Movie News",,,KXTRUMPPARDONS-29JAN21-STEL,0.3063,neutral,0.7541372776031494,0
2026-03-01 04:15:00,,Viola Davis receives prestigious Chairman's prize at NAACP Image Awards,,,KXGRAMMYNOMNAOTY-69-ELL,0.4106,neutral,0.6972219944000244,0
2026-03-01 04:15:00,,J-K: 'Dhoak' gutted in fire in Ramban; probe underway,,,KXMCGREGORFIGHTNEXT-28-KNUR,0.1834,negative,0.598078191280365,-1
2026-03-01 04:15:00,,Montezuma-Cortez girls ride wave of momentum into 4A playoffs,,,KXROLEATEVENTROLLING-27DEC31-PLA,0.3343,positive,0.6963088512420654,1
2026-03-01 04:15:00,,US and Israel clash with Iran at emergency Security Council meeting. UN chief condemns attacks,,,KXWITHDRAW-29-UN,0.4178,negative,0.7992147207260132,-1
2026-03-01 04:15:00,,Understanding the politics of eviction in Malaysia,,,KXMALAYSIAPARLI-2-27-PHA,0.3219,neutral,0.8978613615036011,0
2026-03-01 04:15:00,,"US plans to clear-cut in Michigan forest. Some fear for endangered species | News, Sports, Jobs",,,KXAGENCYELIM-29-EPA,0.3903,neutral,0.837996244430542,0
2026-03-01 04:15:00,,"Iran's supreme leader, Ayatollah Ali Khamenei, has been killed",,,KXNEXTIRANLEADER-45JAN01-ALAR,0.6061,negative,0.6777547001838684,-1
2026-03-01 04:15:00,,"Spring today, one more taste of winter tomorrow",,,USCLIMATE-2025,0.3383,neutral,0.891179621219635,0
2026-03-01 04:15:00,,Why Most Fevers in Nigeria Are Not Malaria: Experts Explain,,,KXAFRICALEADEROUT-35-BT,0.388,neutral,0.9247617125511169,0
2026-03-01 04:15:00,,Zeenat Aman says there's nothing wrong about heroines going under the knife to enhance beauty,,,KXPERFORMROLE007-ADR,0.3411,neutral,0.9122440814971924,0
2026-03-01 04:15:00,,"Iran's supreme leader, Ayatollah Ali Khamenei, has been killed",,,KXNEXTIRANLEADER-45JAN01-ALAR,0.6061,negative,0.6777547001838684,-1
2026-03-01 04:15:00,,Jalen Duren's surge for East-leading Pistons tests Magic,,,KXNEXTTEAMNFL-27JALLEN-DET,0.4321,positive,0.8111506700515747,1
2026-03-01 04:15:00,,Chef's technique for tender and juicy steak by ditching a frying pan,,,KXTRUMPPARDONS-29JAN21-SBF,0.2427,neutral,0.921257495880127,0
2026-03-01 04:15:00,,Full Stack Developer Team Lead at Sabenza IT & Recruitment - Gauteng Clubview,,,KXGEORGIAPARLI-28-UNM,0.2824,neutral,0.9267054200172424,0
2026-03-01 04:15:00,,Plug Power (PLUG) Reports Q4: Everything You Need To Know Ahead Of Earnings,,,EVSHARE-30JAN-50,0.2939,neutral,0.9413416385650635,0
2026-03-01 04:15:00,,Anime Girls: Shanghai Romance - Game,,,KXPERFORMROLE007-ZEN,0.3441,neutral,0.9198217391967773,0
2026-03-01 04:15:00,,Retired Vice Admiral gives military perspective on US-Israel attacks on Iran,,,KXABRAHAMSY-29-JAN20,0.4462,neutral,0.916231095790863,0
2026-03-01 04:15:00,,Representative Confirms Brit Awards Altercation Was Staged,,,KXGRAMMYNOMNAOTY-69-OCT,0.3778,negative,0.628153383731842,-1
2026-03-01 04:15:00,,Viola Davis receives prestigious Chairman's prize at NAACP Image Awards,,,KXGRAMMYNOMNAOTY-69-ELL,0.4106,neutral,0.6972219944000244,0
2026-03-01 04:15:00,,Attack on Iran: Which are the locations targeted by US-Israel strikes?,,,KXABRAHAMSA-29-JAN20,0.3984,neutral,0.8385632038116455,0
2026-03-01 04:15:00,,Driver killed in fiery crash at I-66 Manassas rest area,,,KXVENUEPERFORMANCESPHERE-28JAN01-TRA,0.2003,negative,0.7969017624855042,-1
2026-03-01 04:15:00,,Officer-involved shooting occurs after semi-truck chase ends in Akron,,,KXPERFORMROLEMILESMORALES-JUS,0.238,negative,0.8028729557991028,-1
2026-03-01 04:15:00,,No-one will mourn Iran's 'oppressive' leader: PM,,,KXNEXTIRANLEADER-45JAN01-MQOM,0.6038,neutral,0.8486123085021973,0
2026-03-01 04:15:00,,How US strikes on Iran could drive up gas prices,,,KXWITHDRAW-29-IAEA,0.3469,negative,0.47742486000061035,-1
2026-03-01 04:15:00,,"Ali Khamenei, long-serving Supreme Leader who oversaw Iran's theocratic rule, dies",,,KXNEXTIRANLEADER-45JAN01-ALAR,0.6591,neutral,0.8584503531455994,0
2026-03-01 04:15:00,,Nigerian trio feature in Fulham vs Tottenham London derby,,,KXAFRICALEADEROUT-35-BT,0.3663,neutral,0.8371305465698242,0
2026-03-01 04:15:00,,Confronting Nigeria's Growing Nicotine Crisis,,,KXAFRICALEADEROUT-35-BT,0.4115,negative,0.5290848612785339,-1
2026-03-01 04:15:00,,Ali Larter Turns 50 in Stunning Lavender Bikini During Bahamas Birthday Bash,,,KXVENUEPERFORMANCESPHERE-28JAN01-SPI,0.3947,neutral,0.8791550993919373,0
2026-03-01 04:15:00,,"Manila Bulletin - PAGASA: Easterlies to bring isolated rain showers, thunderstorms across Metro Manila, rest of PH",,,KXPHILIPPINESHOUSE-28-PFP,0.351,negative,0.5428469777107239,-1
2026-03-01 04:15:00,,AWS Flood Advice Decreasing Threat,,,KXAGENCYELIM-29-EPA,0.3038,negative,0.535368025302887,-1
2026-03-01 04:15:00,,Baby names inspired by Lord Shiva,,,KXXISUCCESSOR-45JAN01-MXIN,0.2761,neutral,0.9246221780776978,0
2026-03-01 04:15:00,,"Local leaders react to 'Operation Epic Fury' attack on Iran, the death of Ayatollah Khamenei",,,KXNEXTIRANLEADER-45JAN01-MKHA,0.4348,negative,0.7173593640327454,-1
2026-03-01 04:15:00,,"""No clear way to return to India"": Actor Sonal Chauhan stranded in Dubai, seeks help from PM Modi",,,KXPERFORMROLE007-Q-DEV,0.3313,negative,0.5196893215179443,-1
2026-03-01 04:15:00,,Mexican authorities return body of cartel boss 'El Mencho' to relatives,,,KXMEXICODEPUTIES-27-PAN,0.3688,neutral,0.5332044959068298,0
2026-03-01 04:15:00,,"How voters &#x2014; in Utah and nationwide &#x2014; feel about prohibiting cellphones in school, bell-to-bell",,,SENATEUT-28-D,0.4232,neutral,0.9105607271194458,0
2026-03-01 04:15:00,,School journey begins - Condobolin Argus,,,KXGA1ROUND-26NOV03-SUP,0.3091,neutral,0.8835833668708801,0
2026-03-01 04:15:00,,Waste Management (WM) Gets Higher CIBC Target as Operational Momentum Builds,,,KXSPACEXBANKPUBLIC-28JAN01-CITIX,0.2669,positive,0.95257169008255,1
2026-03-01 04:15:00,,"Fate of Iran's Supreme Leader unclear, with reports of his assassination | Midday News Bulletin 1 March 2026",,,KXNEXTIRANLEADER-45JAN01-MQOM,0.6812,neutral,0.8290641903877258,0
2026-03-01 04:15:00,,NSCDC vehicle kills female officer during training exercise,,,KXPERFORMROLE007-ALI,0.2204,negative,0.9027327299118042,-1
2026-03-01 04:15:00,,Kelly Osbourne Stuns at 2026 BRIT Awards Defying Body Shamers &#x2014; Ozzy Receives Posthumous Lifetime Achievement,,,KXGRAMMYNOMROTY-69-FAT,0.5196,neutral,0.7638450860977173,0
2026-03-01 04:15:00,,Key Takeaways from Day 4 of the 2026 NFL Scouting Combine,,,KXNDJOINCONF-27-BIG10,0.2926,neutral,0.9310375452041626,0
2026-03-01 04:15:00,,Warm paneer and lentil salad with chutney dressing,,,KXROLEATEVENTCOACHELLA-27DEC31-ICE,0.2421,neutral,0.9096341729164124,0
2026-03-01 04:15:00,,Madonna steals the spotlight at Dolce & Gabbana's Milan Fashion Week runway show,,,KXROLEATEVENTCOACHELLA-27DEC31-ARI,0.3414,positive,0.630602240562439,1
2026-03-01 04:15:00,,Jayhawks fall in Big 12 standings after loss to No. 2 Arizona,,,KXNDJOINCONF-27-BIG12,0.3447,negative,0.9589278697967529,-1
2026-03-01 04:15:00,,Thousands of travellers stranded by flight disruptions,,,KXAGENCYELIM-29-NASA,0.2077,negative,0.9493529796600342,-1
2026-03-01 04:15:00,,"Lee Stresses Peace, Urges N. Korea to Resume Dialogue",,,KXFULLTERMSKPRES-29,0.5056,positive,0.6452909708023071,1
2026-03-01 04:15:00,,"School Holidays March 2026: March 2026 school holidays: Holi, Eid and Ram Navami among key festival breaks",,,KXDOED-29-JAN20,0.4208,neutral,0.909735381603241,0
2026-03-01 04:15:00,,"After Khamenei's death, IRGC vows 'most ferocious offensive' against US, Israel",,,KXABRAHAMSY-29-JAN20,0.3447,neutral,0.45281338691711426,0
2026-03-01 04:15:00,,"BLACKPINK star LISA teases new solo album during chaotic social media live, sends BLINKS into overdrive | K-pop Movie News",,,KXROLEATEVENTCOACHELLA-27DEC31-BLA,0.431,neutral,0.603759765625,0
2026-03-01 04:15:00,,GP has made five changes around her home 'to reduce cancer risk',,,KXCABOUT-29JAN-JGRE,0.2732,neutral,0.5097746253013611,0
2026-03-01 04:15:00,,Celebrate local artists at Custer's 49th Annual Arts and Crafts Show,,,KXGRAMMYNOMNAOTY-69-SUD,0.3229,neutral,0.7624483704566956,0
2026-03-01 04:15:00,,"PM Modi to launch projects worth over Rs 7,000 crore in TN, Puducherry today",,,KXSLOVENIAPM-26MAR22-JVRT,0.2567,positive,0.6309586763381958,1
2026-03-01 04:15:00,,Iran's supreme leader killed in major attack by US and Israel &#x2013; Orlando Sentinel,,,KXNEXTIRANLEADER-45JAN01-MQOM,0.5208,neutral,0.7587392926216125,0
2026-03-01 04:15:00,,Steak will be perfectly cooked if you avoid common fridge mistake,,,KXRYDERCUPCAPTAIN-2027EUR-PHAR,0.236,neutral,0.9206593632698059,0
2026-03-01 04:15:00,,These 8 Connecticut State Parks Rival Any National Park Without The Insane Crowds,,,KXSCOURT-29-MP,0.2806,neutral,0.8302361369132996,0
2026-03-01 04:15:00,,"SBS News in Filipino, Sunday 1 March 2026",,,KXPHILIPPINESPRES-28-FPAN,0.4651,neutral,0.9342749118804932,0
2026-03-01 04:15:00,,The Indiscretions of Nasir El Rufai: Words & Consequences,,,KXTRUMPPARDONS-29JAN21-SSAM,0.3186,neutral,0.9294356107711792,0
2026-03-01 04:15:00,,Arrest made in killing of homeless man in Paterson. Police say victim was struck in back of head with hammer.,,,KXTRUMPPARDONS-29JAN21-SBF,0.2585,negative,0.8303752541542053,-1
2026-03-01 04:15:00,,Plymouth Neighbors Celebrate Major Postcode Lottery Victory,,,KXLONDONMAYOR-28MAY01-LCUN,0.3049,neutral,0.8367543816566467,0
2026-03-01 04:15:00,,,,,KXROLEATEVENTCOACHELLA-27DEC31-DOJ,0.1997,neutral,0.4241848289966583,0
2026-03-01 04:15:00,,Trump says new call for regime change in Iran justified by 'imminent threats' to US,,,KXZELENSKYPUTIN-29-27,0.441,neutral,0.4837084412574768,0
2026-03-01 04:15:00,,How US strikes on Iran could drive up gas prices,,,KXWITHDRAW-29-IAEA,0.3469,negative,0.47742486000061035,-1
2026-03-01 04:15:00,,TD Cowen Cuts Marvell (MRVL) Target While Highlighting Strong AI Infrastructure Outlook,,,KX2028RRUN-28-TMAS,0.27,positive,0.7698603272438049,1
2026-03-01 04:15:00,,Celebrations erupt nationwide as Persians react to Iran strikes,,,KXNEXTIRANLEADER-45JAN01-ABO,0.3773,neutral,0.6724016070365906,0
2026-03-01 04:15:00,,Military govt wanted me dead &#x2014; Veteran journalist Adeniyi,,,KXNEXTIRANLEADER-45JAN01-MKHA,0.2535,neutral,0.7961266040802002,0
2026-03-01 04:15:00,,Iran strikes: 'We don't know when we can leave' - Kiwi restaurateurs trapped in Dubai,,,KXPUTINDJTLOCATION-29-UAE,0.4229,negative,0.9382749795913696,-1
2026-03-01 04:15:00,,"Columbia hosts inaugural Black Legacy Weekend at Statehouse celebrating culture, unity",,,KXSTATE51-29-DC,0.3043,neutral,0.8400524854660034,0
2026-03-01 04:15:00,,"Sleeping After Heavy Meals May Trigger Obesity, Experts Warn",,,KXTURKEYPRES-28-FERB,0.1392,neutral,0.49964162707328796,0
2026-03-01 04:15:00,,First Nations' Mardi Gras float issues climate call,,,USCLIMATE-2030,0.424,neutral,0.8657424449920654,0
2026-03-01 04:15:00,,"Gov't reviews economic impact of Iran crisis, checks readiness to release oil reserves",,,KXFEDEND-29-JAN20,0.375,neutral,0.8986045122146606,0
2026-03-01 04:15:00,,"81,000 baby monitor displays recalled due to overheating, sparking while charging",,,KXTARIFFREVENUE-26DEC31-T80,0.1919,negative,0.9710723161697388,-1
2026-03-01 04:15:00,,A thought on supporting daily kos,,,KXSNL-28-KT,0.2664,neutral,0.9195336103439331,0
2026-03-01 04:15:00,,'What's happening?': Grassroots organizers rally against war in Chester County,,,SENATENH-28-D,0.2473,neutral,0.7892688512802124,0
2026-03-01 04:15:00,,National Assembly Passes Bill to Increase Supreme Court Justices,,,KXNEWSCOTUSCONF-29JAN20-8,0.4581,neutral,0.47668731212615967,0
2026-03-01 04:15:00,,Miramar National Cemetery hosts open house and Memorial Amphitheater Dedication Ceremony,,,KXTAYLORSWIFTWEDDINGATTEND-28DEC31-SEL,0.2611,neutral,0.9183422923088074,0
2026-03-01 04:15:00,,Poverty in Nigeria: 25 Years of Failed Promises & Pretenses,,,KXAFRICALEADEROUT-35-BT,0.5053,negative,0.6542059183120728,-1
2026-03-01 04:15:00,,PWB Peeps Caturday Open Thread: Kitten Chaos,,,KXROLEATEVENTCOACHELLA-27DEC31-DOJ,0.3181,neutral,0.9138150215148926,0
2026-03-01 04:15:00,,"[Reportage] Idle factories, shuttered stores: Why Korean businesses are closing shop in the Chinese market",,,KXNYCGROCERY-28-JAN01,0.3618,negative,0.9317264556884766,-1
2026-03-01 04:15:00,,TD Cowen Sees Carlyle (CG) Entering New Growth Cycle after Strategic Reset,,,KXAOCSENATE-28,0.2609,positive,0.7775686383247375,1
2026-03-01 04:15:00,,&#x1F3A5;US posts aerial footage showing strikes on variety of targets,,,KXAGENCYELIM-29-NASA,0.28,neutral,0.8805923461914062,0
2026-03-01 04:15:00,,This Electrified Nissan President Was Built As A Sumo-Wrestler-Hauling One-Off,,,KXCABOUT-29JAN-LMCM,0.2071,neutral,0.9296061396598816,0
2026-03-01 04:15:00,,"Dolce & Gabbana spotlights ""Identity"" with all&#x2011;black Milan runway",,,KXGRAMMYNOMNAOTY-69-BAR,0.3476,neutral,0.849471390247345,0
2026-03-01 04:15:00,,Maple Leafs Expand Their Seller Strategy,,,KXCANADACUP-30,0.287,neutral,0.6977946162223816,0
2026-03-01 04:15:00,,"Olivia Dean wins big at BRIT Awards, Harry Styles opens show with massive dance number &#x2013; 101.9fm The MIX &#x2013; WTMX Chicago",,,KXVENUEPERFORMANCEMSG-27DEC31-OLI,0.4796,neutral,0.5557896494865417,0
2026-03-01 04:15:00,,"Amid mixed feelings about war, Iranians celebrate killing of Iran's supreme leader and hope freedom is near",,,KXNEXTIRANLEADER-45JAN01-ABO,0.565,neutral,0.557447612285614,0
2026-03-01 04:15:00,,BofA Turns Cautious on Southern Copper (SCCO) Despite Higher Price Target,,,KXFEDDECISION-27SEP-H0,0.2578,positive,0.6915450692176819,1
2026-03-01 04:15:00,,"Intermediate Architect/Interior Designer - Calabasas, CA, US | Jobs",,,KXNEXTPRESSEC-29JAN21-AHAB,0.3115,neutral,0.9220759272575378,0
2026-03-01 04:15:00,,"Man, 35, Says 'Selfish' Boomers Didn't Just Get Lucky &#x2014;They 'Pulled the Ladder Up' and Made Housing Unaffordable for Everyone Else",,,KXGDPUSMAX-28-5,0.3107,neutral,0.8205490112304688,0
2026-03-01 04:15:00,,"Bridgerton Season 5: Eloise or Francesca Next, Filming Starts This Month, Release Expected 2027",,,KXTAYLORSWIFTWEDDINGATTEND-28DEC31-PHO,0.4397,neutral,0.9318659901618958,0
2026-03-01 04:15:00,,Female Condoms: Why They're Underused in Nigeria,,,KXAFRICALEADEROUT-35-BT,0.3643,neutral,0.6519753932952881,0
2026-03-01 04:15:00,,Analysis-Trump's Iran strikes mark his biggest foreign policy gamble | 1450 AM 99.7 FM WHTC,,,KXWITHDRAW-29-WTO,0.4268,neutral,0.9101168513298035,0
2026-03-01 04:15:00,,'She's in the sky': K'gari tragedy teen farewelled,,,KXPERFORMROLE007-ANA,0.3002,neutral,0.8320585489273071,0
2026-03-01 04:15:00,,Wisconsin Singers Community Workshop | UW&#x2013;Madison Events Calendar,,,KXSWIFTKELCEWEDDINGLOCATION-30-OHI,0.4181,neutral,0.937230110168457,0
2026-03-01 04:15:00,,Royals Secure Starling Marte with One-Year Contract,,,KXNEWPOPE-70-LANT,0.2848,positive,0.7296977639198303,1
2026-03-01 04:15:00,,What comes next in Trump's war with Iran?,,,KXNEXTIRANLEADER-45JAN01-MQOM,0.506,neutral,0.8566849827766418,0
2026-03-01 04:15:00,,"Rutherfurd Wins PBR Beaudesert, Tops National Standings",,,SENATENC-28-R,0.4095,positive,0.8535287976264954,1
2026-03-01 04:15:00,,Providence police establish scene on Farragut Avenue,,,KXSWIFTKELCEWEDDINGLOCATION-30-RHO,0.2638,negative,0.5933905839920044,-1
2026-03-01 04:15:00,,"Latest developments in Iran: US and Israeli strikes, death of Khamenei",,,KXNEXTIRANLEADER-45JAN01-MKHA,0.5158,negative,0.7873193621635437,-1
2026-03-01 04:15:00,,"Malaysia at a crossroads: Unity, rights and the politics of division",,,KXMALAYSIAPARLI-2-27-BNA,0.4896,neutral,0.873489499092102,0
2026-03-01 04:15:00,,World leaders react cautiously to US and Israeli strikes on Iran as fears grow of a wider war,,,KXABRAHAMQ-29-JAN20,0.4644,negative,0.7396931052207947,-1
2026-03-01 04:15:00,,Iranian strikes damage Dubai international airport and Burj Al Arab luxury hotel,,,KXPUTINDJTLOCATION-29-UAE,0.3561,negative,0.8952592611312866,-1
2026-03-01 04:15:00,,Olivia Dean crowned Queen of the BRITs with four major wins,,,KXPERFORMBONDSONG-35-OLI,0.4866,neutral,0.7613649368286133,0
2026-03-01 04:15:00,,"Gemini &#x264A;&#xFE0F; Weekly Horoscope (2nd March - 8th March, 2026): Mental Focus, Love & Career Alignment",,,KXTRUMPBULLCASECOMBO-27DEC-26,0.3393,neutral,0.9215909242630005,0
2026-03-01 04:15:00,,Costco (COST) Gains Buy Rating From BofA on Strength of Pricing and Customer Loyalty,,,KXGTAPRICE-60,0.3142,positive,0.9544764161109924,1
2026-03-01 04:15:00,,Kraken Consider Shane Wright Trade in Latest NHL Rumors,,,KXNEXTTEAMNFL-27JALLEN-SEA,0.3962,neutral,0.8407948613166809,0
2026-03-01 04:15:00,,Ruto throws PAA into disarray after State House meeting,,,KXCASEWINSHOHEI-29,0.2983,negative,0.9193758964538574,-1
2026-03-01 04:15:00,,Doctor warns your daily cup of tea could be 'harming your health',,,KXNEXTUKPM-30-BJOH,0.188,negative,0.9488954544067383,-1
2026-03-01 04:15:00,,Celebrations erupt nationwide as Persians react to Iran strikes,,,KXNEXTIRANLEADER-45JAN01-ABO,0.3773,neutral,0.6724016070365906,0
2026-03-01 04:15:00,,Iran's supreme leader Ayatollah Ali Khamenei killed in attack by US and Israel,,,KXNEXTIRANLEADER-45JAN01-ALAR,0.5376,negative,0.5454071164131165,-1
2026-03-01 04:15:00,,What we say and how we say it... | Evangelicals Now,,,KXOBERGEFELL-29,0.2931,neutral,0.9156609177589417,0
2026-03-01 04:15:00,,Maharashtra launches HPV vaccine drive; 5 Mumbai girls first,,,KXPRESNOMR-28-VR,0.2794,neutral,0.865039050579071,0
2026-03-01 04:15:00,,Mizuho Adjusts Willis Towers Watson (WTW) Target While Keeping Bullish Rating,,,KXPERFORMROLE007-Q-BEN,0.3138,neutral,0.467186838388443,0
2026-03-01 04:15:00,,"Olivia Dean wins big at BRIT Awards, Harry Styles opens show with massive dance number",,,KXPERFORMBONDSONG-35-OLI,0.4746,neutral,0.5872233510017395,0
2026-03-01 04:15:00,,Crocodiles spotted in Newcastle creek,,,KXNEXTUKPM-30-DJON,0.2291,negative,0.7476195693016052,-1
2026-03-01 04:15:00,,Why did Trump choose war on Iran?,,,KXABRAHAMSA-29-JAN20,0.413,neutral,0.7496022582054138,0
2026-03-01 04:15:00,,"Reza Pahlavi: Iran to have elections, close ties with Israel",,,KXNEXTIRANLEADER-45JAN01-MQOM,0.5521,neutral,0.5416154861450195,0
2026-03-01 04:15:00,,Iran leader Khamenei killed in massive US and Israeli attack,,,KXNEXTIRANLEADER-45JAN01-MKHA,0.42,negative,0.6266224980354309,-1
2026-03-01 04:15:00,,"Daily Horoscope for March 01, 2026",,,KXTRUMPBULLCASECOMBO-27DEC-26,0.4246,neutral,0.93011474609375,0
2026-03-01 04:15:00,,The dangers of preventative war,,,KXMARTIAL-29JAN20,0.2996,neutral,0.8731597661972046,0
2026-03-01 04:15:00,,,,,KXROLEATEVENTCOACHELLA-27DEC31-DOJ,0.1997,neutral,0.4241848289966583,0
2026-03-01 04:15:00,,11 Best Spring Stocks to Buy Right Now - Insider Monkey,,,KXSPACEXBANKPUBLIC-28JAN01-GSX,0.3104,neutral,0.9103519916534424,0
2026-03-01 04:15:00,,Annual gala to support homeless pregnant women and moms with infants,,,KXFREEIVF-29,0.2709,neutral,0.8577494621276855,0
2026-03-01 04:15:00,,3 Great Reasons to Opt Out of Your Company's 401(k) This Year,,,KXSCOTUSRESIGN-29-JR,0.2962,neutral,0.6062290072441101,0
2026-03-01 04:15:00,,CIAA Tournament: Fayetteville State men beat Bluefield State for title,,,SENATESC-28-D,0.3609,positive,0.5677576661109924,1
2026-03-01 04:15:00,,Severe Thunderstorms Possible Next Week,,,KXERUPTSUPER-0-50JAN01,0.3572,negative,0.6099753379821777,-1
2026-03-01 04:15:00,,Who is Ayatollah Ali Khamenei? &#x2013; NBC New York,,,KXNEXTIRANLEADER-45JAN01-ALAR,0.5902,neutral,0.9381476044654846,0
2026-03-01 04:15:00,,Sister cries out as police falsely accuse brother of crime,,,KXITALYDEPUTIES-27-FDI,0.3036,negative,0.8020933866500854,-1
2026-03-01 04:15:00,,"Rajpal Yadav calls  &#x20B9;9 crore debt and cheque bounce case an 'ego clash', gets interrupted by his lawyer",,,KXRIPPLINGDEEL-28,0.2776,negative,0.858089029788971,-1
2026-03-01 04:15:00,,Bonnies hold off Fordham for 77-69 Senior Day win,,,GOVPARTYVT-28-D,0.3258,negative,0.39051705598831177,-1
2026-03-01 04:15:00,,Sault Star journalists pick their top stories of the past week,,,KXSNL-28-KT,0.305,neutral,0.9228247404098511,0
2026-03-01 04:15:00,,"Ripley, Orton Secure WrestleMania Title Shots at WWE Elimination Chamber",,,KXMCGREGORFIGHTNEXT-28-EALV,0.3684,neutral,0.693979799747467,0
2026-03-01 04:15:00,,"Malaysians in UAE, Qatar feeling uneasy amid US-Iran conflict",,,KXABRAHAMQ-29-JAN20,0.5569,negative,0.9024924635887146,-1
2026-03-01 04:15:00,,What's God Got To Do With It? How God Helped Me Heal My Fears About Being A | Bill 95.3,,,KXGTA6SONGS-30-GOD,0.2252,neutral,0.9047994017601013,0
2026-03-01 04:15:00,,TJX Outlook Remains Solid as Baird Updates Model after Earnings Report,,,KXCABOUT-29JAN-JGRE,0.2579,positive,0.9268667101860046,1
2026-03-01 04:15:00,,Watch Journalist Marked For Death By Khamenei Celebrate His Demise,,,KXNEXTIRANLEADER-45JAN01-MKHA,0.2924,neutral,0.577424168586731,0
2026-03-01 04:15:00,,Man killed Friday morning in another nightclub shooting | Crime/Police,,,KXTRUMPPARDONS-29JAN21-SBF,0.2046,negative,0.6429669260978699,-1
2026-03-01 04:15:00,,Who is Khamenei's daughter killed in strikes? State media shares update amid uncertainty around Iran's Supreme Leader,,,KXNEXTIRANLEADER-45JAN01-MKHA,0.548,negative,0.9372058510780334,-1
2026-03-01 04:15:00,,Trump Says Iran's Supreme Leader Ali Khamenei Dead After US-Israeli Strikes,,,KXNEXTIRANLEADER-45JAN01-ALAR,0.523,negative,0.5414106249809265,-1
2026-03-01 04:15:00,,Trump's Iran strike tests MAGA unity ahead of midterms | 1450 AM 99.7 FM WHTC,,,KXNEXTIRANLEADER-45JAN01-MQOM,0.4097,neutral,0.8356927633285522,0
2026-03-01 04:15:00,,Beyond the scale: How GLP-1 medications are affecting both body and mind,,,KXFDATYPE1DIABETES-33,0.2662,neutral,0.8950233459472656,0
2026-03-01 04:15:00,,Who Holds the Edge in WWE Men's Elimination Chamber 2026?,,,KXMCGREGORFIGHTNEXT-28-EALV,0.4702,neutral,0.9210508465766907,0
2026-03-01 04:15:00,,"""DMK hurt Tamil pride"": Union Minister Piyush Goyal welcomes PM Modi's Madurai visit, slams DMK over temple row",,,KXGHANAPARLI-28-NDC,0.2718,negative,0.8113734126091003,-1
2026-03-01 04:15:00,,"Brown & Brown (BRO) Seen Well Positioned Amid Limited AI Disruption Risk, Mizuho Says",,,KXPERFORMROLEMILESMORALES-MIL,0.323,positive,0.947796106338501,1
2026-03-01 04:15:00,,Ilechukwu charges Rangers ahead of Nasarawa NPFL clash,,,KXCANADACUP-30,0.2945,negative,0.6835248470306396,-1
2026-03-01 04:15:00,,UBS Sees Palantir (PLTR) Positioned at Center of AI and Software Spending Boom,,,KXUSTAKEOVER-30,0.291,positive,0.688498854637146,1
2026-03-01 04:15:00,,FULL STATEMENT: Emirates confirms when flights will resume | World | News,,,KXPUTINDJTLOCATION-29-UAE,0.4625,neutral,0.9405919313430786,0
2026-03-01 04:15:00,,Rajpal Yadav claims he has Rs 1200 crore worth work lined up for next 7 years after getting bail in Rs 9 crore case. Actor launches YouTube channel,,,KXNETWORTHKAICENAT-30,0.3888,neutral,0.9022935032844543,0
2026-03-01 04:15:00,,Floodwaters enter Ba Town as Heavy Rain Warning remains,,,KXFEDDECISION-27SEP-H26,0.1914,negative,0.82003253698349,-1
2026-03-01 04:15:00,,"81,000 baby monitor displays recalled due to overheating, sparking while charging",,,KXTARIFFREVENUE-26DEC31-T80,0.1919,negative,0.9710723161697388,-1
2026-03-01 04:15:00,,Agilent (A) Gets Lower Goldman Sachs Target Despite Long-Term Growth Confidence,,,KXSPACEXBANKPUBLIC-28JAN01-GSX,0.3879,negative,0.9367045760154724,-1
2026-03-01 04:15:00,,UBS Cuts Progressive (PGR) Valuation While Maintaining Neutral View,,,KXFEDDECISION-27SEP-H0,0.3078,positive,0.6330513954162598,1
2026-03-01 04:15:00,,UNICEF: Military Escalation Harms Middle East Children,,,KXABRAHAMSA-29-JAN20,0.3891,negative,0.8934314250946045,-1
2026-03-01 04:15:00,,How rogue Immigration officials are selling the Kenyan ID,,,KXAFRICALEADEROUT-35-WR,0.4074,neutral,0.5996167063713074,0
2026-03-01 04:15:00,,"Delroy Lindo Addresses BAFTAs Slur Incident at NAACP Image Awards 2026, Thanks Peers For Love & Support: Photo 5288524 | Delroy Lindo Photos",,,KXGRAMMYNOMROTY-69-APE,0.3528,neutral,0.8849527835845947,0
2026-03-01 04:15:00,,FD rate up to 8% for senior citizens investing for three years; Know list of banks,,,KXSPACEXBANKPUBLIC-28JAN01-BOAX,0.4432,neutral,0.8976205587387085,0
2026-03-01 04:15:00,,Warriors' Steve Kerr Clarifies Comments on Kristaps Porzingis' Illness,,,KXPERFORMROLEMILESMORALES-MIL,0.3155,neutral,0.9427265524864197,0
2026-03-01 04:15:00,,"Drake Batherson, Dylan Cozens lead Ottawa Senators to win over struggling Toronto Maple Leafs",,,KXRYDERCUPCAPTAIN-2027USA-CPAV,0.404,positive,0.7576157450675964,1
2026-03-01 04:15:00,,"Islanders again own overtime, edge Blue Jackets",,,KXNEXTTEAMNFL-27JALLEN-BUF,0.3285,neutral,0.5627398490905762,0
2026-03-01 04:15:00,,MWC 2026 Preview | DOOGEE AI Redefines Exploration: A Full-Scenario Ecosystem,,,KXUSTAKEOVER-30,0.39,neutral,0.8781312704086304,0
2026-03-01 04:15:00,,"Delhi HC to hear on March 9 CBI's plea against trial court order discharging Kejriwal, Sisodia",,,KXSCOURT-29-KB,0.345,neutral,0.5466734766960144,0
2026-03-01 04:15:00,,Bobcats boys hoops loses finale at Monte Vista,,,KXNEXTTEAMNFL-27JALLEN-DET,0.3308,neutral,0.8376575708389282,0
2026-03-01 04:15:00,,"BofA Returns to Cintas (CTAS) Coverage, Highlighting Steady Industry Fundamentals",,,KXSPACEXBANKPUBLIC-28JAN01-CITIX,0.3426,positive,0.9555498957633972,1
2026-03-01 04:15:00,,Best bank switching deals as UK banks offer up to &#xA3;200,,,KXSPACEXBANKPUBLIC-28JAN01-BOAX,0.4807,positive,0.7280808687210083,1
2026-03-01 04:15:00,,US-Israel war on Iran: Ayatollah Ali Khamenei confirmed dead by state media &#x2013; latest reports,,,KXABRAHAMQ-29-JAN20,0.5187,neutral,0.8749368190765381,0
2026-03-01 04:15:00,,"Delroy Lindo Addresses BAFTAs Slur Incident at NAACP Image Awards 2026, Thanks Peers For Love & Support: Photo 5288518 | Delroy Lindo Photos",,,KXGRAMMYNOMROTY-69-APE,0.3551,neutral,0.8870892524719238,0
2026-03-01 04:15:00,,Iranians take to streets with different reactions to death of supreme leader Ali Khamenei,,,KXNEXTIRANLEADER-45JAN01-ALAR,0.5791,negative,0.5672104954719543,-1
2026-03-01 04:15:00,,March Into Spring (Partner Promotion),,,KXIPORAMP-27FEB01,0.3218,neutral,0.9215534329414368,0
2026-03-01 04:15:00,,"Dangerous Driving Offences Appeal, North Brisbane",,,KXAUSTRALIAHOUSE-28-ALP,0.2257,neutral,0.8757350444793701,0
2026-03-01 04:15:00,,"Once again, Trump builds the crowd for Colbert",,,KXDJTWHDINNER-29,0.416,neutral,0.7079493999481201,0
2026-03-01 04:15:00,,Flyers Appoint NBA Team's Performance Expert,,,KXCITYNBAEXPAND-28JAN01-LV,0.3859,neutral,0.9081683158874512,0
2026-03-01 04:15:00,,Bravery in the Face of White Supremacy,,,KXDEMOCRACYUS-28-7.70,0.257,neutral,0.7635999321937561,0
2026-03-01 04:15:00,,Maine Ranked One of the Least Sinful States in America,,,KXFIRSTPRIMARYD-28-NH,0.4212,negative,0.4311096668243408,-1
1772338651,,No. 7 Florida clinches at least a share of the SEC title with a 111-77 drubbing No. 20 Arkansas,,,KXNDJOINCONF-27-SEC,0.5188,positive,0.7085796594619751,1
1772338416,,Henri Veesaar matches a season-high with 26 points to carry No. 18 North Carolina past Virginia Tech,,,KXNEXTTEAMNFL-27JALLEN-CAR,0.4134,positive,0.886599600315094,1
1772338379,,Florida basketball pummels Arkansas in dominant statement win,,,SENATEAR-28-D,0.4684,negative,0.5100207328796387,-1
1772338253,,"WWE Elimination Chamber: Orton, Ripley headed to WrestleMania; Masked Man Revealed",,,KXMCGREGORFIGHTNEXT-28-EALV,0.3754,neutral,0.9010087847709656,0
1772338236,,No. 7 Florida clinches at least a share of the SEC title with a 111-77 drubbing No. 20 Arkansas,,,KXNDJOINCONF-27-SEC,0.5188,positive,0.7085796594619751,1
1772338193,,"Pinkins and Storr score 26 apiece, Ole Miss beats Auburn 85-79 to snap a 10-game skid",,,KXVAHOUSEDEM-26NOV03-10,0.2904,negative,0.7072514891624451,-1
1772338169,,Spartan Hockey Struggles Against OSU,,,KXNEXTTEAMNFL-27JALLEN-DET,0.3357,negative,0.8452227115631104,-1
1772338148,,Brian Schwake has 2 saves for Nashville in 0-0 tie with Dallas,,,KXSCOTTIESLAM-28,0.3772,neutral,0.5728754997253418,0
1772338007,,Highlights from Michigan State's thrilling shootout win over OSU,,,KXFIRSTPRIMARYD-28-MI,0.3339,neutral,0.9089598059654236,0
1772337741,,"Lakers vs. Warriors stats, highlights: LeBron James, Luka Doncic key blowout win",,,KXPRESNOMD-28-LJAM,0.3887,neutral,0.8745307922363281,0
1772337229,,"No. 15 St. John's routs Villanova, 89-57, in wire-to-wire win",,,SENATESC-28-D,0.3439,neutral,0.8308074474334717,0
1772338791,,Iran war becomes $50 million betting frenzy on Polymarket,,,EVSHARE-30JAN-50,0.2849,neutral,0.8414478898048401,0
1772226590,,The battle over WBD left three big winners on Wall Streetwhile the thousands who lost out will remain behind the scenes,,,NYTOAI-27DEC31,0.2845,neutral,0.8403237462043762,0
